parent,role,permlevel,read,write,create,delete,submit,cancel,amend,report,export,import,share,print,email,if_owner,modified
About Us Settings,Website Manager,0,1,1,1,0,0,0,0,0,0,0,1,1,1,0,2026-02-13 14:07:51.649509
Access Log,System Manager,0,1,0,0,1,0,0,0,1,1,0,1,1,1,0,2026-02-13 14:07:49.708955
Account,Auditor,0,1,0,0,0,0,0,0,1,0,0,0,1,1,0,2026-02-13 14:08:08.619079
Account,Accounts User,0,1,1,1,1,0,0,0,1,1,1,1,1,1,0,2026-02-13 14:08:08.619079
Account,Purchase User,0,1,0,0,0,0,0,0,1,0,0,0,1,1,0,2026-02-13 14:08:08.619079
Account,Accounts Manager,0,1,1,1,1,0,0,0,1,1,1,1,1,1,0,2026-02-13 14:08:08.619079
Account,Sales User,0,1,0,0,0,0,0,0,1,0,0,0,1,1,0,2026-02-13 14:08:08.619079
Account Category,Accounts User,0,1,1,1,1,0,0,0,1,1,0,1,1,1,0,2026-02-13 14:08:02.955952
Account Category,Accounts Manager,0,1,1,1,1,0,0,0,1,1,0,1,1,1,0,2026-02-13 14:08:02.955952
Account Category,Auditor,0,1,0,0,0,0,0,0,0,0,0,0,0,0,0,2026-02-13 14:08:02.955952
Account Closing Balance,Accounts Manager,0,1,0,0,0,0,0,0,1,1,0,0,1,1,0,2026-02-13 14:08:10.403305
Account Closing Balance,Accounts User,0,1,0,0,0,0,0,0,1,1,0,0,1,1,0,2026-02-13 14:08:10.403305
Account Closing Balance,Auditor,0,1,0,0,0,0,0,0,1,1,0,0,0,0,0,2026-02-13 14:08:10.403305
Accounting Dimension,Accounts Manager,0,1,1,1,1,0,0,0,1,1,0,1,1,1,0,2026-02-13 14:08:08.283233
Accounting Dimension,System Manager,0,1,1,1,1,0,0,0,1,1,0,1,1,1,0,2026-02-13 14:08:08.283233
Accounting Dimension Filter,Accounts User,0,1,1,1,1,0,0,0,1,1,0,1,1,1,0,2026-02-13 14:08:11.035432
Accounting Dimension Filter,Accounts Manager,0,1,1,1,1,0,0,0,1,1,0,1,1,1,0,2026-02-13 14:08:11.035432
Accounting Dimension Filter,System Manager,0,1,1,1,1,0,0,0,1,1,0,1,1,1,0,2026-02-13 14:08:11.035432
Accounting Period,Accounts User,0,1,1,1,1,0,0,0,1,1,0,1,1,1,0,2026-02-13 14:08:02.687632
Accounting Period,System Manager,0,1,1,1,1,0,0,0,1,1,0,1,1,1,0,2026-02-13 14:08:02.687632
Accounting Period,Accounts Manager,0,1,1,1,1,0,0,0,1,1,0,1,1,1,0,2026-02-13 14:08:02.687632
Accounts Settings,Purchase User,0,1,0,0,0,0,0,0,0,0,0,0,0,0,0,2026-02-13 14:08:09.010085
Accounts Settings,Accounts Manager,0,1,1,1,0,0,0,0,0,0,0,1,1,1,0,2026-02-13 14:08:09.010085
Accounts Settings,Sales User,0,1,0,0,0,0,0,0,0,0,0,0,0,0,0,2026-02-13 14:08:09.010085
Activity Cost,Projects User,0,1,1,1,1,0,0,0,1,1,0,1,1,1,0,2026-02-13 14:08:16.506057
Activity Log,System Manager,0,1,0,0,0,0,0,0,1,0,0,1,0,1,0,2026-02-13 14:07:48.846743
Activity Type,System Manager,0,1,1,1,1,0,0,0,1,1,1,1,1,1,0,2026-02-13 14:08:16.662373
Activity Type,Employee,0,1,0,0,0,0,0,0,0,0,0,0,0,0,0,2026-02-13 14:08:16.662373
Activity Type,Projects User,0,1,1,1,0,0,0,0,1,0,0,1,1,1,0,2026-02-13 14:08:16.662373
Address,Maintenance User,0,1,1,1,0,0,0,0,1,0,0,1,1,1,0,2026-02-13 14:07:57.911565
Address,Sales User,0,1,1,1,0,0,0,0,1,0,0,1,1,1,0,2026-02-13 14:07:57.911565
Address,System Manager,0,1,1,1,1,0,0,0,1,1,1,1,1,1,0,2026-02-13 14:07:57.911565
Address,Accounts User,0,1,1,1,0,0,0,0,1,0,0,1,1,1,0,2026-02-13 14:07:57.911565
Address,Purchase User,0,1,1,1,0,0,0,0,1,0,0,1,1,1,0,2026-02-13 14:07:57.911565
Address,All,0,1,1,1,0,0,0,0,0,1,0,0,1,0,1,2026-02-13 14:07:57.911565
Address Template,System Manager,0,1,1,1,1,0,0,0,1,1,0,1,0,0,0,2026-02-13 14:07:57.825366
Advance Payment Ledger Entry,Accounts User,0,1,0,0,0,0,0,0,1,1,0,1,1,1,0,2026-02-13 14:08:01.561402
Advance Payment Ledger Entry,Auditor,0,1,0,0,0,0,0,0,1,1,0,1,1,1,0,2026-02-13 14:08:01.561402
Advance Payment Ledger Entry,Accounts Manager,0,1,0,0,0,0,0,0,1,1,0,1,1,1,0,2026-02-13 14:08:01.561402
API Request Log,System Manager,0,1,1,1,1,0,0,0,1,1,0,1,1,1,0,2026-02-13 14:07:48.453275
Appointment,System Manager,0,1,1,1,1,0,0,0,1,1,0,1,1,1,0,2026-02-13 14:08:13.856438
Appointment,Sales User,0,1,1,1,0,0,0,0,1,1,0,1,1,1,0,2026-02-13 14:08:13.856438
Appointment,Employee,0,1,1,1,1,0,0,0,1,1,0,1,1,1,0,2026-02-13 14:08:13.856438
Appointment,Sales Manager,0,1,1,1,1,0,0,0,1,1,0,1,1,1,0,2026-02-13 14:08:13.856438
Appointment Booking Settings,Sales Manager,0,1,1,1,1,0,0,0,0,0,0,1,1,1,0,2026-02-13 14:08:14.630913
Appointment Booking Settings,HR Manager,0,1,1,1,0,0,0,0,0,0,0,1,1,1,0,2026-02-13 14:08:14.630913
Appointment Booking Settings,System Manager,0,1,1,1,1,0,0,0,0,0,0,1,1,1,0,2026-02-13 14:08:14.630913
Asset,Accounts User,0,1,1,1,1,1,1,1,1,1,1,1,1,1,0,2026-02-13 14:08:32.035920
Asset,Quality Manager,0,1,1,1,1,1,1,0,1,1,0,1,1,1,0,2026-02-13 14:08:32.035920
Asset Activity,System Manager,0,1,0,0,1,0,0,0,1,0,0,1,0,1,0,2026-02-13 14:08:31.955053
Asset Activity,Quality Manager,0,1,0,0,1,0,0,0,1,0,0,1,0,1,0,2026-02-13 14:08:31.955053
Asset Activity,Accounts User,0,1,0,0,1,0,0,0,1,0,0,1,0,1,0,2026-02-13 14:08:31.955053
Asset Capitalization,Manufacturing Manager,0,1,1,1,1,1,1,1,1,1,0,1,1,1,0,2026-02-13 14:08:31.837986
Asset Capitalization,Quality Manager,0,1,1,1,1,1,1,1,1,1,0,1,1,1,0,2026-02-13 14:08:31.837986
Asset Category,Accounts Manager,0,1,1,1,1,0,0,0,1,1,1,1,1,1,0,2026-02-13 14:08:33.240058
Asset Category,Quality Manager,0,1,1,1,1,0,0,0,1,1,0,1,1,1,0,2026-02-13 14:08:33.240058
Asset Category,Accounts User,0,1,1,1,1,0,0,0,1,1,1,1,1,1,0,2026-02-13 14:08:33.240058
Asset Depreciation Schedule,Quality Manager,0,1,1,1,1,1,1,0,1,1,0,1,1,1,0,2026-02-13 14:08:32.254845
Asset Depreciation Schedule,Accounts User,0,1,1,1,1,1,1,1,1,1,0,1,1,1,0,2026-02-13 14:08:32.254845
Asset Maintenance,Quality Manager,0,1,1,1,1,0,0,0,1,1,0,1,1,1,0,2026-02-13 14:08:32.723800
Asset Maintenance,Manufacturing User,0,1,1,1,1,0,0,0,1,1,0,1,1,1,0,2026-02-13 14:08:32.723800
Asset Maintenance Log,Manufacturing User,0,1,1,1,1,1,1,1,1,1,0,1,1,1,0,2026-02-13 14:08:31.738454
Asset Maintenance Team,Manufacturing User,0,1,1,1,1,0,0,0,1,1,0,1,1,1,0,2026-02-13 14:08:31.792571
Asset Movement,System Manager,0,1,1,1,1,1,1,1,1,1,0,1,1,1,0,2026-02-13 14:08:32.142656
Asset Movement,Stock Manager,0,1,1,1,1,1,1,1,1,1,0,1,1,1,0,2026-02-13 14:08:32.142656
Asset Movement,Accounts Manager,0,1,1,1,1,1,1,1,1,1,0,1,1,1,0,2026-02-13 14:08:32.142656
Asset Repair,Quality Manager,0,1,1,1,1,1,1,1,1,1,1,1,1,1,0,2026-02-13 14:08:32.369605
Asset Repair,Manufacturing Manager,0,1,1,1,1,1,1,1,1,1,1,1,1,1,0,2026-02-13 14:08:32.369605
Asset Shift Allocation,Accounts User,0,1,1,1,1,1,1,1,1,1,0,1,1,1,0,2026-02-13 14:08:32.670383
Asset Shift Allocation,System Manager,0,1,1,1,1,0,0,0,1,1,0,1,1,1,0,2026-02-13 14:08:32.670383
Asset Shift Factor,System Manager,0,1,1,1,1,0,0,0,1,1,0,1,1,1,0,2026-02-13 14:08:32.785171
Asset Shift Factor,Accounts User,0,1,1,1,1,0,0,0,1,1,0,1,1,1,0,2026-02-13 14:08:32.785171
Asset Value Adjustment,System Manager,0,1,1,1,1,1,1,1,1,1,0,1,1,1,0,2026-02-13 14:08:33.049395
Asset Value Adjustment,Accounts Manager,0,1,1,1,1,1,1,1,1,1,0,1,1,1,0,2026-02-13 14:08:33.049395
Asset Value Adjustment,Accounts User,0,1,1,1,1,1,1,1,1,1,0,1,1,1,0,2026-02-13 14:08:33.049395
Assignment Rule,System Manager,0,1,1,1,1,0,0,0,1,1,0,1,1,1,0,2026-02-13 14:07:58.419385
Audit Trail,System Manager,0,1,1,0,0,0,0,0,0,0,0,1,1,1,0,2026-02-13 14:07:48.576484
Authorization Rule,System Manager,0,1,1,1,1,0,0,0,1,0,0,1,1,1,0,2026-02-13 14:08:21.755298
Auto Email Report,System Manager,0,1,1,1,1,0,0,0,1,1,0,1,1,1,0,2026-02-13 14:07:52.845868
Auto Email Report,Report Manager,0,1,1,1,1,0,0,0,1,1,0,1,1,1,0,2026-02-13 14:07:52.845868
Auto Repeat,Accounts User,0,1,1,1,1,0,0,0,1,1,0,1,1,1,0,2026-02-13 14:07:58.252098
Auto Repeat,Accounts Manager,0,1,1,1,1,0,0,0,1,1,0,1,1,1,0,2026-02-13 14:07:58.252098
Auto Repeat,System Manager,0,1,1,1,1,0,0,0,1,1,0,1,1,1,0,2026-02-13 14:07:58.252098
Bank,System Manager,0,1,1,1,1,0,0,0,1,1,0,1,1,1,0,2026-02-13 14:08:10.053141
Bank Account,Accounts Manager,0,1,1,1,1,0,0,0,1,1,1,1,1,1,0,2026-02-13 14:08:02.251411
Bank Account,Accounts User,0,1,1,1,1,0,0,0,1,1,0,1,1,1,0,2026-02-13 14:08:02.251411
Bank Account Subtype,Accounts Manager,0,1,1,1,1,0,0,0,1,1,0,1,1,1,0,2026-02-13 14:08:04.401590
Bank Account Subtype,Accounts User,0,1,1,1,1,0,0,0,1,1,0,1,1,1,0,2026-02-13 14:08:04.401590
Bank Account Subtype,System Manager,0,1,1,1,1,0,0,0,1,1,0,1,1,1,0,2026-02-13 14:08:04.401590
Bank Account Type,Accounts User,0,1,1,1,1,0,0,0,1,1,0,1,1,1,0,2026-02-13 14:08:04.130588
Bank Account Type,Accounts Manager,0,1,1,1,1,0,0,0,1,1,0,1,1,1,0,2026-02-13 14:08:04.130588
Bank Account Type,System Manager,0,1,1,1,1,0,0,0,1,1,0,1,1,1,0,2026-02-13 14:08:04.130588
Bank Clearance,Accounts User,0,1,1,1,0,0,0,0,0,0,0,1,0,0,0,2026-02-13 14:08:11.002811
Bank Guarantee,Accounts User,0,1,1,1,0,1,0,0,1,1,0,1,1,1,0,2026-02-13 14:08:02.838006
Bank Guarantee,Accounts Manager,0,1,1,1,1,1,1,0,1,1,0,1,1,1,0,2026-02-13 14:08:02.838006
Bank Reconciliation Tool,System Manager,0,1,1,1,1,0,0,0,0,0,0,1,1,1,0,2026-02-13 14:08:03.402102
Bank Statement Import,System Manager,0,1,1,1,1,0,0,0,1,1,0,1,1,1,0,2026-02-13 14:08:05.470389
Bank Transaction,System Manager,0,1,1,1,1,1,1,0,1,1,0,1,1,1,0,2026-02-13 14:08:02.772382
Bank Transaction,Accounts Manager,0,1,1,1,1,1,1,0,1,1,0,1,1,1,0,2026-02-13 14:08:02.772382
Bank Transaction,Accounts User,0,1,1,1,1,1,0,0,1,1,0,1,1,1,0,2026-02-13 14:08:02.772382
Batch,Item Manager,0,1,1,1,1,0,0,0,1,1,1,1,1,1,0,2026-02-13 14:08:29.241487
Bin,Sales User,0,1,0,0,0,0,0,0,1,0,0,0,1,1,0,2026-02-13 14:08:29.039838
Bin,Purchase Manager,0,1,0,0,0,0,0,0,1,0,0,0,0,0,0,2026-02-13 14:08:29.039838
Bin,Purchase User,0,1,0,0,0,0,0,0,1,0,0,0,1,1,0,2026-02-13 14:08:29.039838
Bin,Stock Manager,0,1,0,0,0,0,0,0,1,0,0,0,0,0,0,2026-02-13 14:08:29.039838
Bin,Sales Manager,0,1,0,0,0,0,0,0,1,0,0,0,0,0,0,2026-02-13 14:08:29.039838
Bin,Stock User,0,1,0,0,0,0,0,0,1,0,0,0,1,1,0,2026-02-13 14:08:29.039838
Bisect Accounting Statements,Administrator,0,1,1,1,1,0,0,0,0,0,0,1,1,1,0,2026-02-13 14:08:05.161241
Bisect Nodes,Administrator,0,1,1,1,1,0,0,0,1,1,0,1,1,1,0,2026-02-13 14:08:10.685125
Blanket Order,System Manager,0,1,1,1,1,1,1,0,1,1,0,1,1,1,0,2026-02-14 01:13:52.993806
BOM,Manufacturing User,0,1,1,1,1,1,1,0,1,0,0,1,1,1,0,2026-02-13 14:08:22.740554
BOM,Manufacturing Manager,0,1,1,1,1,1,1,0,1,0,0,1,1,1,0,2026-02-13 14:08:22.740554
BOM Creator,Manufacturing Manager,0,1,1,1,1,1,1,0,1,0,0,1,1,1,0,2026-02-13 14:08:24.218038
BOM Creator,Manufacturing User,0,1,1,1,1,1,1,0,1,0,0,1,1,1,0,2026-02-13 14:08:24.218038
BOM Update Log,Manufacturing Manager,0,1,1,1,0,1,0,0,1,1,0,1,1,1,0,2026-02-13 14:08:22.191192
BOM Update Log,System Manager,0,1,1,1,1,1,0,0,1,1,0,1,1,1,0,2026-02-13 14:08:22.191192
BOM Update Tool,Manufacturing Manager,0,1,1,1,0,0,0,0,0,0,0,1,0,0,0,2026-02-13 14:08:24.360147
Branch,HR User,0,1,1,1,1,0,0,0,1,0,0,1,1,1,0,2026-02-13 14:08:20.607367
Branch,HR Manager,0,1,1,1,1,0,0,0,1,0,0,1,1,1,0,2026-02-13 14:08:20.607367
Brand,Sales User,0,1,0,0,0,0,0,0,1,0,0,0,1,1,0,2026-02-13 14:08:20.421375
Brand,Stock User,0,1,0,0,0,0,0,0,1,0,0,0,1,1,0,2026-02-13 14:08:20.421375
Brand,Accounts User,0,1,0,0,0,0,0,0,1,0,0,0,1,1,0,2026-02-13 14:08:20.421375
Brand,Purchase User,0,1,0,0,0,0,0,0,1,0,0,0,1,1,0,2026-02-13 14:08:20.421375
Brand,Item Manager,0,1,1,1,1,0,0,0,1,1,1,1,1,1,0,2026-02-13 14:08:20.421375
Budget,Accounts Manager,0,1,1,1,1,1,1,1,1,1,1,1,1,1,0,2026-02-13 14:08:06.560127
Bulk Transaction Log,System Manager,0,1,1,1,1,0,0,0,1,1,0,1,1,1,0,2026-02-13 14:08:35.243613
Bulk Transaction Log Detail,System Manager,0,1,1,1,1,0,0,0,1,1,0,1,1,1,0,2026-02-13 14:08:35.273328
Bulk Update,System Manager,0,1,1,1,1,0,0,0,0,0,0,1,1,1,0,2026-02-13 14:07:55.353968
Buying Settings,Stock Manager,0,1,0,0,0,0,0,0,0,0,0,0,0,0,0,2026-02-13 14:08:15.841936
Buying Settings,Purchase Manager,0,1,1,1,0,0,0,0,0,1,0,1,1,1,0,2026-02-13 14:08:15.841936
Buying Settings,Accounts User,0,1,0,0,0,0,0,0,0,0,0,0,0,0,0,2026-02-13 14:08:15.841936
Buying Settings,System Manager,0,1,1,1,0,0,0,0,0,0,0,1,1,1,0,2026-02-13 14:08:15.841936
Buying Settings,Accounts Manager,0,1,0,0,0,0,0,0,0,0,0,0,0,0,0,2026-02-13 14:08:15.841936
Buying Settings,Stock User,0,1,0,0,0,0,0,0,0,0,0,0,0,0,0,2026-02-13 14:08:15.841936
Buying Settings,Purchase User,0,1,0,0,0,0,0,0,0,0,0,0,0,0,0,2026-02-13 14:08:15.841936
Calendar View,Desk User,0,1,0,0,0,0,0,0,0,0,0,0,0,0,0,2026-02-13 14:07:54.332669
Calendar View,System Manager,0,1,1,1,1,0,0,0,1,1,0,1,1,1,0,2026-02-13 14:07:54.332669
Call Log,System Manager,0,1,1,1,1,0,0,0,1,1,0,1,1,1,0,2026-02-13 14:08:35.000286
Call Log,Employee,0,1,0,0,0,0,0,0,0,0,0,0,0,0,0,2026-02-13 14:08:35.000286
Campaign,Sales Master Manager,0,1,1,1,1,0,0,0,1,0,0,1,1,1,0,2026-02-13 14:08:14.657037
Campaign,Sales User,0,1,0,0,0,0,0,0,1,0,0,0,1,1,0,2026-02-13 14:08:14.657037
Campaign,Sales Manager,0,1,1,1,1,0,0,0,1,1,1,0,1,1,0,2026-02-13 14:08:14.657037
Cashier Closing,System Manager,0,1,1,1,1,1,0,0,1,1,0,1,1,1,0,2026-02-13 14:08:02.590886
Certificate,System Manager,0,1,1,1,0,0,0,0,0,0,0,0,0,0,0,2026-02-22 16:03:42.385622
Certificate,QA Manager,0,1,1,1,0,0,0,0,0,0,0,0,0,0,0,2026-02-22 16:03:42.386069
Changelog Feed,System Manager,0,1,1,1,1,0,0,0,1,1,0,1,1,1,0,2026-02-13 14:07:54.112387
Chart of Accounts Importer,Accounts Manager,0,1,1,1,0,0,0,0,0,0,0,1,0,0,0,2026-02-13 14:08:10.909968
Cheque Print Template,Accounts User,0,1,1,1,1,0,0,0,1,1,0,1,1,1,0,2026-02-13 14:08:06.640024
Cheque Print Template,System Manager,0,1,1,1,1,0,0,0,1,1,0,1,1,1,0,2026-02-13 14:08:06.640024
Cheque Print Template,Accounts Manager,0,1,1,1,1,0,0,0,1,1,0,1,1,1,0,2026-02-13 14:08:06.640024
Client Script,Administrator,0,1,1,1,1,0,0,0,1,0,0,1,1,1,0,2026-02-13 14:07:46.083035
Client Script,System Manager,0,1,1,1,1,0,0,0,1,0,0,1,1,1,0,2026-02-13 14:07:46.083035
Code List,System Manager,0,1,1,1,1,0,0,0,1,1,0,1,1,1,0,2026-02-13 14:08:36.214698
Color,Website Manager,0,1,1,1,1,0,0,0,1,1,0,1,1,1,0,2026-02-13 14:07:51.330995
Comment,Website Manager,0,1,1,1,1,0,0,0,1,1,0,1,1,1,0,2026-02-13 14:07:47.082707
Comment,System Manager,0,1,1,1,1,0,0,0,1,1,0,1,1,1,0,2026-02-13 14:07:47.082707
Common Code,System Manager,0,1,1,1,1,0,0,0,1,1,0,1,1,1,0,2026-02-13 14:08:36.258769
Communication,System Manager,0,1,0,1,1,0,0,0,1,0,0,1,0,1,0,2026-02-13 14:07:48.603151
Communication,Inbox User,0,1,0,1,1,0,0,0,0,1,0,0,1,1,0,2026-02-13 14:07:48.603151
Communication,All,0,1,0,0,1,0,0,0,0,0,0,0,0,1,1,2026-02-13 14:07:48.603151
Communication,System Manager,1,1,0,0,1,0,0,0,1,1,0,1,1,1,0,2026-02-13 14:07:48.603151
Communication,System Manager,2,1,1,0,1,0,0,0,1,1,0,1,1,1,0,2026-02-13 14:07:48.603151
Communication Medium,System Manager,0,1,1,1,1,0,0,0,1,1,0,1,1,1,0,2026-02-13 14:08:34.946806
Company,Auditor,0,0,0,0,0,0,0,0,0,0,0,0,0,0,0,2026-02-13 14:08:21.305737
Company,Projects User,0,1,0,0,0,0,0,0,0,0,0,0,0,0,0,2026-02-13 14:08:21.305737
Company,Accounts User,0,1,0,0,0,0,0,0,0,0,0,0,1,1,0,2026-02-13 14:08:21.305737
Company,Stock User,0,1,0,0,0,0,0,0,0,0,0,0,0,0,0,2026-02-13 14:08:21.305737
Company,System Manager,0,1,1,1,1,0,0,0,1,0,0,1,1,1,0,2026-02-13 14:08:21.305737
Company,Employee,0,1,0,0,0,0,0,0,0,0,0,0,0,0,0,2026-02-13 14:08:21.305737
Company,Accounts Manager,0,1,1,1,1,0,0,0,1,1,0,1,1,1,0,2026-02-13 14:08:21.305737
Company,Sales User,0,1,0,0,0,0,0,0,0,0,0,0,0,0,0,2026-02-13 14:08:21.305737
Company,Purchase User,0,1,0,0,0,0,0,0,0,0,0,0,0,0,0,2026-02-13 14:08:21.305737
Competitor,Sales Master Manager,0,1,1,1,1,0,0,0,1,1,0,1,1,1,0,2026-02-13 14:08:14.522469
Competitor,Sales User,0,1,0,0,0,0,0,0,0,0,0,0,0,0,0,2026-02-13 14:08:14.522469
Competitor,Maintenance Manager,0,1,0,0,0,0,0,0,0,0,0,0,0,0,0,2026-02-13 14:08:14.522469
Competitor,Maintenance User,0,1,0,0,0,0,0,0,0,0,0,0,0,0,0,2026-02-13 14:08:14.522469
Competitor,Sales Manager,0,1,0,0,0,0,0,0,0,0,0,0,0,0,0,2026-02-13 14:08:14.522469
Connected App,System Manager,0,1,1,1,1,0,0,0,1,1,0,1,1,1,0,2026-02-13 14:07:55.976217
Connected App,All,0,1,0,0,0,0,0,0,0,0,0,0,0,0,0,2026-02-13 14:07:55.976217
Console Log,System Manager,0,1,1,1,0,0,0,0,1,1,0,1,1,1,0,2026-02-13 14:07:54.992332
Contact,Maintenance User,0,1,1,1,0,0,0,0,1,0,0,1,1,1,0,2026-02-13 14:07:57.605599
Contact,System Manager,0,1,1,1,1,0,0,0,1,1,1,1,1,1,0,2026-02-13 14:07:57.605599
Contact,Purchase Manager,0,1,1,1,0,0,0,0,1,0,0,1,1,1,0,2026-02-13 14:07:57.605599
Contact,Maintenance Manager,0,1,1,1,0,0,0,0,1,0,0,1,1,1,0,2026-02-13 14:07:57.605599
Contact,Sales User,0,1,1,1,0,0,0,0,1,0,0,1,1,1,0,2026-02-13 14:07:57.605599
Contact,Accounts Manager,0,1,1,1,0,0,0,0,1,0,0,1,1,1,0,2026-02-13 14:07:57.605599
Contact,Purchase Master Manager,0,1,1,1,1,0,0,0,1,0,0,1,1,1,0,2026-02-13 14:07:57.605599
Contact,Accounts User,0,1,1,1,0,0,0,0,1,0,0,1,1,1,0,2026-02-13 14:07:57.605599
Contact,All,0,1,1,1,1,0,0,0,1,0,0,0,0,0,1,2026-02-13 14:07:57.605599
Contact,Sales Manager,0,1,1,1,0,0,0,0,1,0,0,1,1,1,0,2026-02-13 14:07:57.605599
Contact,Purchase User,0,1,1,1,0,0,0,0,1,0,0,1,1,1,0,2026-02-13 14:07:57.605599
Contact,Sales Master Manager,0,1,1,1,1,0,0,0,1,0,0,1,1,1,0,2026-02-13 14:07:57.605599
Contact Us Settings,Website Manager,0,1,1,1,0,0,0,0,0,0,0,1,1,1,0,2026-02-13 14:07:51.387829
Contract,Sales Manager,0,1,1,1,1,1,1,1,1,1,0,1,1,1,0,2026-02-13 14:08:13.779440
Contract,HR Manager,0,1,1,1,1,1,1,1,1,1,0,1,1,1,0,2026-02-13 14:08:13.779440
Contract,Purchase Manager,0,1,1,1,1,1,1,1,1,1,0,1,1,1,0,2026-02-13 14:08:13.779440
Contract,System Manager,0,1,1,1,1,1,1,1,1,1,0,1,1,1,0,2026-02-13 14:08:13.779440
Contract Template,System Manager,0,1,1,1,1,0,0,0,1,1,0,1,1,1,0,2026-02-13 14:08:14.421744
Contract Template,Purchase Manager,0,1,1,1,1,0,0,0,1,1,0,1,1,1,0,2026-02-13 14:08:14.421744
Contract Template,Sales Manager,0,1,1,1,1,0,0,0,1,1,0,1,1,1,0,2026-02-13 14:08:14.421744
Contract Template,HR Manager,0,1,1,1,1,0,0,0,1,1,0,1,1,1,0,2026-02-13 14:08:14.421744
Cost Center,Purchase User,0,1,0,0,0,0,0,0,0,0,0,0,0,0,0,2026-02-13 14:08:11.102229
Cost Center,Auditor,0,1,0,0,0,0,0,0,1,1,0,0,0,0,0,2026-02-13 14:08:11.102229
Cost Center,Accounts Manager,0,1,1,1,1,0,0,0,1,0,0,1,1,1,0,2026-02-13 14:08:11.102229
Cost Center,Accounts User,0,1,0,0,0,0,0,0,1,0,0,0,1,1,0,2026-02-13 14:08:11.102229
Cost Center,Sales User,0,1,0,0,0,0,0,0,0,0,0,0,0,0,0,2026-02-13 14:08:11.102229
Cost Center,Employee,0,0,0,0,0,0,0,0,1,1,0,1,1,1,0,2026-02-13 14:08:11.102229
Cost Center Allocation,Accounts Manager,0,1,1,1,1,1,1,1,1,1,0,1,1,1,0,2026-02-13 14:08:11.236202
Cost Center Allocation,Accounts User,0,1,1,1,1,1,1,1,1,1,0,1,1,1,0,2026-02-13 14:08:11.236202
Cost Center Allocation,System Manager,0,1,1,1,1,1,1,1,1,1,0,1,1,1,0,2026-02-13 14:08:11.236202
Country,All,0,1,0,0,0,0,0,0,1,0,0,0,1,1,0,2026-02-13 14:07:53.951818
Country,System Manager,0,1,1,1,0,0,0,0,1,1,1,1,1,1,0,2026-02-13 14:07:53.951818
Coupon Code,Website Manager,0,1,1,1,1,0,0,0,1,1,0,1,1,1,0,2026-02-13 14:08:03.167551
Coupon Code,Sales Manager,0,1,1,1,1,0,0,0,1,1,0,1,1,1,0,2026-02-13 14:08:03.167551
Coupon Code,Accounts User,0,1,1,1,1,0,0,0,1,1,0,1,1,1,0,2026-02-13 14:08:03.167551
Coupon Code,System Manager,0,1,1,1,1,0,0,0,1,1,0,1,1,1,0,2026-02-13 14:08:03.167551
CRM Settings,Sales Master Manager,0,1,1,1,1,0,0,0,0,0,0,1,1,1,0,2026-02-13 14:08:14.700503
CRM Settings,System Manager,0,1,1,1,0,0,0,0,0,0,0,1,1,1,0,2026-02-13 14:08:14.700503
CRM Settings,Sales Manager,0,1,1,1,1,0,0,0,0,0,0,1,1,1,0,2026-02-13 14:08:14.700503
Crop,System Manager,0,1,1,1,0,0,0,0,0,0,0,0,0,0,0,2026-02-22 16:33:29.025845
Crop,QA Manager,0,1,0,0,0,0,0,0,0,0,0,0,0,0,0,2026-02-22 16:33:29.026327
Crop,Agriculture Manager,0,1,1,1,0,0,0,0,0,0,0,0,0,0,0,2026-02-22 16:33:29.026093
Currency,Purchase User,0,1,0,0,0,0,0,0,0,0,0,0,0,0,0,2026-02-13 14:07:54.039370
Currency,Sales User,0,1,0,0,0,0,0,0,0,0,0,0,0,0,0,2026-02-13 14:07:54.039370
Currency,Accounts Manager,0,1,0,0,0,0,0,0,0,0,0,0,0,0,0,2026-02-13 14:07:54.039370
Currency,System Manager,0,1,1,1,1,0,0,0,1,1,1,1,1,1,0,2026-02-13 14:07:54.039370
Currency,Accounts User,0,1,0,0,0,0,0,0,0,0,0,0,0,0,0,2026-02-13 14:07:54.039370
Currency Exchange,Accounts Manager,0,1,1,1,1,0,0,0,1,0,0,1,1,1,0,2026-02-13 14:08:21.468366
Currency Exchange,Accounts User,0,1,0,0,0,0,0,0,1,0,0,0,1,1,0,2026-02-13 14:08:21.468366
Currency Exchange,Purchase User,0,1,0,0,0,0,0,0,1,0,0,0,1,1,0,2026-02-13 14:08:21.468366
Currency Exchange,Sales User,0,1,0,0,0,0,0,0,1,0,0,0,1,1,0,2026-02-13 14:08:21.468366
Currency Exchange Settings,System Manager,0,1,1,1,1,0,0,0,0,0,0,1,1,1,0,2026-02-13 14:08:05.379609
Currency Exchange Settings,Accounts Manager,0,1,1,1,1,0,0,0,0,0,0,1,1,1,0,2026-02-13 14:08:05.379609
Currency Exchange Settings,Accounts User,0,1,1,1,1,0,0,0,0,0,0,1,1,1,0,2026-02-13 14:08:05.379609
Custom DocPerm,System Manager,0,1,1,1,1,0,0,0,1,1,0,1,1,1,0,2026-02-13 14:07:44.331769
Custom Field,System Manager,0,1,1,1,1,0,0,0,1,0,0,1,1,1,0,2026-02-13 14:07:44.423389
Custom Field,Administrator,0,1,1,1,1,0,0,0,1,0,0,1,1,1,0,2026-02-13 14:07:44.423389
Custom HTML Block,Workspace Manager,0,1,1,1,1,0,0,0,1,1,0,1,1,1,0,2026-02-13 14:07:55.063727
Custom HTML Block,Desk User,0,1,1,1,1,0,0,0,1,1,0,1,1,1,1,2026-02-13 14:07:55.063727
Custom HTML Block,System Manager,0,1,1,1,1,0,0,0,1,1,0,1,1,1,0,2026-02-13 14:07:55.063727
Custom HTML Block,Desk User,0,1,0,0,0,0,0,0,1,1,0,1,1,1,0,2026-02-13 14:07:55.063727
Custom Role,System Manager,0,1,1,1,1,0,0,0,1,1,0,1,1,1,0,2026-02-13 14:07:48.521611
Customer,Sales Master Manager,0,1,1,1,1,0,0,0,1,1,1,1,1,1,0,2026-02-13 14:08:17.931208
Customer,Sales User,0,1,1,1,0,0,0,0,1,0,0,1,1,1,0,2026-02-13 14:08:17.931208
Customer,Sales Manager,0,1,0,0,0,0,0,0,1,0,0,0,1,1,0,2026-02-13 14:08:17.931208
Customer,Accounts Manager,0,1,0,0,0,0,0,0,1,0,0,0,1,1,0,2026-02-13 14:08:17.931208
Customer,Accounts User,0,1,0,0,0,0,0,0,1,0,0,0,1,1,0,2026-02-13 14:08:17.931208
Customer,Stock Manager,0,1,0,0,0,0,0,0,1,0,0,0,1,1,0,2026-02-13 14:08:17.931208
Customer,Stock User,0,1,0,0,0,0,0,0,1,0,0,0,1,1,0,2026-02-13 14:08:17.931208
Customer,Sales User,1,1,0,0,0,0,0,0,0,0,0,0,0,0,0,2026-02-13 14:08:17.931208
Customer,Sales Master Manager,1,1,1,0,0,0,0,0,0,0,0,0,0,0,0,2026-02-13 14:08:17.931208
Customer Group,Sales Manager,0,1,0,0,0,0,0,0,1,0,0,0,1,1,0,2026-02-13 14:08:19.000207
Customer Group,Customer,0,0,0,0,0,0,0,0,1,1,0,1,1,1,0,2026-02-13 14:08:19.000207
Customer Group,Sales Master Manager,0,1,1,1,1,0,0,0,1,1,1,1,1,1,0,2026-02-13 14:08:19.000207
Customer Group,Accounts User,0,1,0,0,0,0,0,0,1,0,0,1,1,1,0,2026-02-13 14:08:19.000207
Customer Group,Sales User,0,1,0,0,0,0,0,0,1,0,0,0,1,1,0,2026-02-13 14:08:19.000207
Customer Group,Sales Master Manager,1,1,1,0,0,0,0,0,0,0,0,0,0,0,0,2026-02-13 14:08:19.000207
Customer Group,Sales Manager,1,1,0,0,0,0,0,0,0,0,0,0,0,0,0,2026-02-13 14:08:19.000207
Customer Group,Sales User,1,1,0,0,0,0,0,0,0,0,0,0,0,0,0,2026-02-13 14:08:19.000207
Customize Form,System Manager,0,1,1,1,0,0,0,0,0,0,0,1,1,1,0,2026-02-13 14:07:53.848986
Customs Tariff Number,Stock Manager,0,1,1,1,1,0,0,0,1,1,0,1,1,1,0,2026-02-13 14:08:28.398102
Customs Tariff Number,Stock User,0,1,0,0,0,0,0,0,1,1,0,1,1,1,0,2026-02-13 14:08:28.398102
Dashboard,System Manager,0,1,1,1,1,0,0,0,1,1,0,1,1,1,0,2026-02-13 14:07:44.949283
Dashboard,Dashboard Manager,0,1,1,1,1,0,0,0,1,1,0,1,1,1,0,2026-02-13 14:07:44.949283
Dashboard,Desk User,0,1,0,0,0,0,0,0,1,1,0,1,1,1,0,2026-02-13 14:07:44.949283
Dashboard Chart,Desk User,0,1,0,0,0,0,0,0,1,1,0,1,1,1,0,2026-02-13 14:07:44.885289
Dashboard Chart,System Manager,0,1,1,1,1,0,0,0,1,1,0,1,1,1,0,2026-02-13 14:07:44.885289
Dashboard Chart,Dashboard Manager,0,1,1,1,1,0,0,0,1,1,0,1,1,1,0,2026-02-13 14:07:44.885289
Dashboard Chart Source,Administrator,0,1,1,1,1,0,0,0,1,1,0,1,1,1,0,2026-02-13 14:07:45.698243
Dashboard Chart Source,System Manager,0,1,0,0,0,0,0,0,1,1,0,1,1,1,0,2026-02-13 14:07:45.698243
Dashboard Settings,Desk User,0,1,1,0,0,0,0,0,1,1,0,1,1,1,0,2026-02-13 14:07:54.703659
Data Export,System Manager,0,1,1,1,1,0,0,0,0,0,0,1,1,1,0,2026-02-13 14:07:49.849213
Data Import,System Manager,0,1,1,1,1,0,0,0,1,1,0,1,1,1,0,2026-02-13 14:07:49.214661
Data Import Log,System Manager,0,1,1,1,1,0,0,0,1,1,0,1,1,1,0,2026-02-13 14:07:47.663937
Deleted Document,System Manager,0,1,0,0,1,0,0,0,0,1,0,0,0,0,0,2026-02-13 14:07:49.810927
Delivery Note,Delivery Manager,0,1,1,1,1,1,1,1,1,1,0,1,1,1,0,2026-02-13 14:08:30.113291
Delivery Note,Stock Manager,0,1,1,1,1,1,1,1,1,0,0,1,1,1,0,2026-02-13 14:08:30.113291
Delivery Note,Delivery User,0,1,1,1,1,1,1,1,1,1,0,1,1,1,0,2026-02-13 14:08:30.113291
Delivery Note,Sales User,0,1,1,1,1,1,1,1,1,0,0,1,1,1,0,2026-02-13 14:08:30.113291
Delivery Note,Stock User,0,1,1,1,1,1,1,1,1,0,0,1,1,1,0,2026-02-13 14:08:30.113291
Delivery Note,Accounts User,0,1,0,0,0,0,0,0,1,0,0,0,0,0,0,2026-02-13 14:08:30.113291
Delivery Note,Stock Manager,1,1,1,0,0,0,0,0,0,0,0,0,0,0,0,2026-02-13 14:08:30.113291
Delivery Schedule Item,Sales Manager,0,1,1,1,1,0,0,0,1,1,0,1,1,1,0,2026-02-13 14:08:17.731902
Delivery Schedule Item,System Manager,0,1,1,1,1,0,0,0,1,1,0,1,1,1,0,2026-02-13 14:08:17.731902
Delivery Schedule Item,Sales User,0,1,1,1,1,0,0,0,1,1,0,1,1,1,0,2026-02-13 14:08:17.731902
Delivery Settings,Delivery Manager,0,1,1,1,1,0,0,0,0,0,0,1,1,1,0,2026-02-13 14:08:28.650731
Delivery Trip,Delivery User,0,1,1,1,1,1,1,1,1,1,0,1,1,1,0,2026-02-13 14:08:24.933166
Delivery Trip,Stock User,0,1,1,1,1,1,1,1,1,1,0,1,1,1,0,2026-02-13 14:08:24.933166
Delivery Trip,Delivery Manager,0,1,1,1,1,1,1,1,1,1,0,1,1,1,0,2026-02-13 14:08:24.933166
Delivery Trip,Fulfillment User,0,1,1,1,1,1,1,1,1,1,0,1,1,1,0,2026-02-13 14:08:24.933166
Department,Academics User,0,1,1,1,1,0,0,0,1,1,0,1,1,1,0,2026-02-13 14:08:20.789454
Department,HR User,0,1,1,1,1,0,0,0,1,0,0,1,1,1,0,2026-02-13 14:08:20.789454
Department,HR Manager,0,1,1,1,1,0,0,0,1,1,1,1,1,1,0,2026-02-13 14:08:20.789454
Department,Employee,0,0,0,0,0,0,0,0,0,0,0,0,0,0,0,2026-02-13 14:08:20.789454
Designation,HR User,0,1,1,1,1,0,0,0,1,0,0,1,1,1,0,2026-02-13 14:08:21.527462
Designation,Sales User,0,1,0,0,0,0,0,0,0,0,0,0,0,0,0,2026-02-13 14:08:21.527462
Desktop Icon,System Manager,0,1,1,1,1,0,0,0,1,1,0,1,1,1,0,2026-02-13 14:07:54.375059
Desktop Icon,Desk User,0,1,1,1,1,0,0,0,1,1,0,1,1,1,0,2026-02-13 14:07:54.375059
Desktop Layout,System Manager,0,1,1,1,1,0,0,0,1,1,0,1,1,1,0,2026-02-13 14:07:54.900967
Desktop Layout,Desk User,0,1,1,1,1,0,0,0,1,1,0,1,1,1,0,2026-02-13 14:07:54.900967
Desktop Settings,System Manager,0,1,1,1,1,0,0,0,0,0,0,1,1,1,0,2026-02-13 14:07:54.671116
Discussion Reply,System Manager,0,1,1,1,1,0,0,0,1,1,0,1,1,1,0,2026-02-13 14:07:51.021605
Discussion Topic,System Manager,0,1,1,1,1,0,0,0,1,1,0,1,1,1,0,2026-02-13 14:07:50.802712
DocShare,System Manager,0,1,1,1,1,0,0,0,1,1,1,1,0,0,0,2026-02-13 14:07:44.222434
DocType,System Manager,0,1,1,1,1,0,0,0,1,0,0,0,1,1,0,2026-02-13 14:07:43.781237
DocType,Administrator,0,1,1,1,1,0,0,0,1,0,0,1,1,1,0,2026-02-13 14:07:43.781237
DocType Layout,Desk User,0,1,0,0,0,0,0,0,0,0,0,0,0,0,0,2026-02-13 14:07:53.799571
DocType Layout,System Manager,0,1,1,1,1,0,0,0,1,1,0,1,1,1,0,2026-02-13 14:07:53.799571
Document Follow,System Manager,0,1,1,1,1,0,0,0,1,1,0,1,1,1,0,2026-02-13 14:07:52.689843
Document Follow,Desk User,0,1,1,1,1,0,0,0,1,1,0,1,1,1,0,2026-02-13 14:07:52.689843
Document Naming Rule,System Manager,0,1,1,1,1,0,0,0,1,1,0,1,1,1,0,2026-02-13 14:07:50.336331
Document Naming Settings,System Manager,0,1,1,1,0,0,0,0,0,0,0,1,1,1,0,2026-02-13 14:07:49.310283
Document Share Key,System Manager,0,1,1,1,1,0,0,0,1,1,0,1,1,1,0,2026-02-13 14:07:50.244974
Domain,System Manager,0,1,1,1,0,0,0,0,1,1,0,1,1,1,0,2026-02-13 14:07:46.544205
Domain,Administrator,0,1,1,1,0,0,0,0,1,1,0,1,1,1,0,2026-02-13 14:07:46.544205
Domain Settings,System Manager,0,1,1,1,1,0,0,0,0,0,0,1,1,1,0,2026-02-13 14:07:50.112970
Downtime Entry,System Manager,0,1,1,1,1,0,0,0,1,1,0,1,1,1,0,2026-02-13 14:08:23.569977
Downtime Entry,Manufacturing Manager,0,1,1,1,1,0,0,0,1,1,0,1,1,1,0,2026-02-13 14:08:23.569977
Downtime Entry,Manufacturing User,0,1,1,1,1,0,0,0,1,1,0,1,1,1,0,2026-02-13 14:08:23.569977
Driver,Fleet Manager,0,1,0,0,0,0,0,0,1,1,0,1,1,1,0,2026-02-13 14:08:20.361513
Driver,Delivery User,0,1,0,0,0,0,0,0,1,0,0,0,1,0,0,2026-02-13 14:08:20.361513
Driver,HR Manager,0,1,1,1,1,0,0,0,1,1,0,1,1,1,0,2026-02-13 14:08:20.361513
Driver,HR User,0,1,1,1,1,0,0,0,1,1,0,1,1,1,0,2026-02-13 14:08:20.361513
Driver,Delivery Manager,0,1,1,0,0,0,0,0,1,1,0,1,1,1,0,2026-02-13 14:08:20.361513
Dunning,Accounts Manager,0,1,1,1,1,1,1,0,1,1,0,1,1,1,0,2026-02-13 14:08:06.202392
Dunning,System Manager,0,1,1,1,1,1,1,1,1,1,0,1,1,1,0,2026-02-13 14:08:06.202392
Dunning,Accounts User,0,1,1,1,1,0,0,0,1,1,0,1,1,1,0,2026-02-13 14:08:06.202392
Dunning Type,System Manager,0,1,1,1,1,0,0,0,1,1,0,1,1,1,0,2026-02-13 14:08:07.620178
Dunning Type,Accounts Manager,0,1,1,1,1,0,0,0,1,1,0,1,1,1,0,2026-02-13 14:08:07.620178
Dunning Type,Administrator,0,1,1,1,1,0,0,0,1,1,0,1,1,1,0,2026-02-13 14:08:07.620178
Email Account,Inbox User,0,1,0,0,0,0,0,0,0,0,0,0,0,0,0,2026-02-14 01:13:23.837826
Email Account,System Manager,0,1,1,1,1,0,0,0,0,0,0,0,0,0,0,2026-02-14 01:13:23.837826
Email Campaign,System Manager,0,1,1,1,1,0,0,0,1,1,0,1,1,1,0,2026-02-13 14:08:13.510218
Email Digest,System Manager,0,1,1,1,1,0,0,0,1,0,0,1,1,1,0,2026-02-13 14:08:20.110253
Email Digest,System Manager,1,1,0,0,0,0,0,0,0,0,0,0,0,0,0,2026-02-13 14:08:20.110253
Email Domain,System Manager,0,1,1,1,1,0,0,0,0,0,0,1,0,0,0,2026-02-13 14:07:53.081387
Email Flag Queue,System Manager,0,1,0,0,1,0,0,0,1,1,0,1,1,1,0,2026-02-13 14:07:53.139736
Email Group,Newsletter Manager,0,1,1,1,1,0,0,0,1,1,1,1,1,1,0,2026-02-13 14:07:52.783405
Email Group Member,Newsletter Manager,0,1,1,1,1,0,0,0,1,1,1,1,1,1,0,2026-02-13 14:07:52.913799
Email Queue,System Manager,0,1,0,0,1,0,0,0,1,0,0,0,1,1,0,2026-02-13 14:07:53.177926
Email Rule,System Manager,0,1,0,0,0,0,0,0,1,1,0,1,1,1,0,2026-02-13 14:07:52.987222
Email Template,System Manager,0,1,1,1,1,0,0,0,1,1,1,1,0,1,0,2026-02-14 01:13:23.769268
Email Template,Desk User,0,1,0,0,0,0,0,0,0,0,0,0,0,0,0,2026-02-14 01:13:23.769268
Email Unsubscribe,System Manager,0,1,1,1,1,0,0,0,1,1,0,1,1,1,0,2026-02-13 14:07:53.461828
Employee,Employee,0,1,0,0,0,0,0,0,1,0,0,0,1,1,0,2026-02-13 14:08:21.592727
Employee,HR User,0,1,1,1,1,0,0,0,1,1,1,1,1,1,0,2026-02-13 14:08:21.592727
Employee,HR Manager,0,1,1,1,1,0,0,0,1,1,1,1,1,1,0,2026-02-13 14:08:21.592727
Employee Group,System Manager,0,1,1,1,1,0,0,0,1,1,0,1,1,1,0,2026-02-13 14:08:19.355407
Error Log,System Manager,0,1,1,1,1,0,0,0,1,0,0,1,1,1,0,2026-02-13 14:07:48.070393
Event,All,0,1,0,0,0,0,0,0,1,1,0,1,1,1,0,2026-02-13 14:07:55.120767
Event,Desk User,0,1,1,1,0,0,0,0,1,0,0,1,1,1,0,2026-02-13 14:07:55.120767
Event,System Manager,0,1,1,1,1,0,0,0,1,1,1,1,1,1,0,2026-02-13 14:07:55.120767
Exchange Rate Revaluation,System Manager,0,1,1,1,1,1,1,1,1,1,0,1,1,1,0,2026-02-13 14:08:10.204730
Exchange Rate Revaluation,Accounts User,0,1,1,1,1,1,1,1,1,1,0,1,1,1,0,2026-02-13 14:08:10.204730
Exchange Rate Revaluation,Accounts Manager,0,1,1,1,1,1,1,1,1,1,0,1,1,1,0,2026-02-13 14:08:10.204730
File,System Manager,0,1,1,1,1,0,0,0,1,1,1,1,1,1,0,2026-02-13 14:07:49.376465
File,All,0,1,1,1,1,0,0,0,0,0,0,0,0,0,0,2026-02-13 14:07:49.376465
Finance Book,Accounts Manager,0,1,1,1,1,0,0,0,1,1,0,1,1,1,0,2026-02-14 01:13:43.023211
Finance Book,Auditor,0,1,0,0,0,0,0,0,1,1,0,1,1,1,0,2026-02-14 01:13:43.023211
Finance Book,Accounts User,0,1,0,0,0,0,0,0,1,1,0,1,1,1,0,2026-02-14 01:13:43.023211
Financial Report Template,Accounts Manager,0,1,1,1,1,0,0,0,1,1,0,1,1,1,0,2026-02-13 14:08:11.443469
Financial Report Template,Accounts User,0,1,0,0,0,0,0,0,0,0,0,0,0,0,0,2026-02-13 14:08:11.443469
Financial Report Template,Auditor,0,1,0,0,0,0,0,0,0,0,0,0,0,0,0,2026-02-13 14:08:11.443469
Fiscal Year,Accounts User,0,1,0,0,0,0,0,0,0,0,0,0,0,0,0,2026-02-13 14:08:06.361447
Fiscal Year,Accounts Manager,0,1,0,0,0,0,0,0,0,0,0,0,0,0,0,2026-02-13 14:08:06.361447
Fiscal Year,Sales User,0,1,0,0,0,0,0,0,0,0,0,0,0,0,0,2026-02-13 14:08:06.361447
Fiscal Year,System Manager,0,1,1,1,1,0,0,0,1,0,0,1,1,1,0,2026-02-13 14:08:06.361447
Fiscal Year,Auditor,0,1,0,0,0,0,0,0,0,0,0,0,0,0,0,2026-02-13 14:08:06.361447
Fiscal Year,Stock Manager,0,1,0,0,0,0,0,0,0,0,0,0,0,0,0,2026-02-13 14:08:06.361447
Fiscal Year,Purchase User,0,1,0,0,0,0,0,0,0,0,0,0,0,0,0,2026-02-13 14:08:06.361447
Fiscal Year,Employee,0,1,0,0,0,0,0,0,0,0,0,0,0,0,0,2026-02-13 14:08:06.361447
Fiscal Year,Stock User,0,1,0,0,0,0,0,0,0,0,0,0,0,0,0,2026-02-13 14:08:06.361447
Form Tour,System Manager,0,1,1,1,1,0,0,0,1,1,0,1,1,1,0,2026-02-13 14:07:43.723885
Form Tour,Desk User,0,1,0,0,0,0,0,0,0,0,0,0,0,0,0,2026-02-13 14:07:43.723885
Gender,System Manager,0,1,1,1,1,0,0,0,1,1,0,1,1,1,0,2026-02-13 14:07:57.784749
Gender,All,0,1,0,0,0,0,0,0,0,0,0,0,0,0,0,2026-02-13 14:07:57.784749
Geolocation Settings,System Manager,0,1,1,1,1,0,0,0,0,0,0,1,1,1,0,2026-02-13 14:07:56.444778
GL Entry,Auditor,0,1,0,0,0,0,0,0,1,1,0,0,0,0,0,2026-02-13 14:08:09.689695
GL Entry,Accounts Manager,0,1,0,0,0,0,0,0,1,1,0,0,1,1,0,2026-02-13 14:08:09.689695
GL Entry,Accounts User,0,1,0,0,0,0,0,0,1,1,0,0,1,1,0,2026-02-13 14:08:09.689695
Global Defaults,System Manager,0,1,1,1,0,0,0,0,0,0,0,1,0,0,0,2026-02-13 14:08:19.914988
Global Search Settings,System Manager,0,1,1,1,1,0,0,0,0,0,0,1,1,1,0,2026-02-13 14:07:55.182841
Google Calendar,Desk User,0,1,1,1,1,0,0,0,1,1,0,1,1,1,1,2026-02-13 14:07:56.044422
Google Calendar,System Manager,0,1,1,1,1,0,0,0,1,1,0,1,1,1,0,2026-02-13 14:07:56.044422
Google Contacts,System Manager,0,1,1,1,1,0,0,0,0,0,0,1,1,1,0,2026-02-13 14:07:56.549094
Google Contacts,Desk User,0,1,1,1,1,0,0,0,0,0,0,0,0,0,1,2026-02-13 14:07:56.549094
Google Settings,System Manager,0,1,1,1,1,0,0,0,0,0,0,1,1,1,0,2026-02-13 14:07:55.955222
Help Article,Knowledge Base Editor,0,1,1,1,1,0,0,0,1,1,1,0,1,1,0,2026-02-13 14:07:51.755763
Help Article,Knowledge Base Contributor,0,1,1,1,0,0,0,0,0,0,0,0,0,0,0,2026-02-13 14:07:51.755763
Help Category,Website Manager,0,1,1,1,1,0,0,0,1,1,0,1,1,1,0,2026-02-13 14:07:51.460437
Holiday List,HR Manager,0,1,1,1,1,0,0,0,1,0,0,1,1,1,0,2026-02-13 14:08:20.234080
Incoming Call Settings,System Manager,0,1,1,1,1,0,0,0,1,1,0,1,1,1,0,2026-02-13 14:08:35.150548
Incoterm,Stock Manager,0,1,1,1,1,0,0,0,1,1,0,1,1,1,0,2026-02-13 14:08:19.988038
Incoterm,Sales Manager,0,1,1,1,1,0,0,0,1,1,0,1,1,1,0,2026-02-13 14:08:19.988038
Incoterm,Stock User,0,1,0,0,0,0,0,0,0,0,0,0,0,0,0,2026-02-13 14:08:19.988038
Incoterm,Accounts Manager,0,1,1,1,1,0,0,0,1,1,0,1,1,1,0,2026-02-13 14:08:19.988038
Incoterm,Sales User,0,1,0,0,0,0,0,0,0,0,0,0,0,0,0,2026-02-13 14:08:19.988038
Incoterm,Purchase Manager,0,1,1,1,1,0,0,0,1,1,0,1,1,1,0,2026-02-13 14:08:19.988038
Incoterm,Purchase User,0,1,0,0,0,0,0,0,0,0,0,0,0,0,0,2026-02-13 14:08:19.988038
Incoterm,Accounts User,0,1,0,0,0,0,0,0,0,0,0,0,0,0,0,2026-02-13 14:08:19.988038
Industry Type,Sales Manager,0,1,1,1,0,0,0,0,1,0,0,1,1,1,0,2026-02-14 01:13:48.037247
Industry Type,Sales User,0,1,0,0,0,0,0,0,1,0,0,0,1,1,0,2026-02-14 01:13:48.037247
Industry Type,Sales Master Manager,0,1,1,1,0,0,0,0,1,0,0,1,1,1,0,2026-02-14 01:13:48.037247
Installation Note,Sales User,0,1,1,1,1,1,1,1,1,0,0,1,1,1,0,2026-02-13 14:08:17.781639
Installation Note,Sales User,1,1,0,0,0,0,0,0,1,0,0,0,0,0,0,2026-02-13 14:08:17.781639
Installed Applications,System Manager,0,1,1,1,1,0,0,0,0,0,0,1,1,1,0,2026-02-13 14:07:47.336874
Integration Request,System Manager,0,1,0,0,1,0,0,0,1,1,0,1,1,1,0,2026-02-13 14:07:56.873065
Inventory Dimension,Stock User,0,1,0,0,0,0,0,0,0,0,0,0,0,0,0,2026-02-13 14:08:25.465589
Inventory Dimension,System Manager,0,1,1,1,1,0,0,0,1,1,0,1,1,1,0,2026-02-13 14:08:25.465589
Inventory Dimension,Stock Manager,0,1,1,1,1,0,0,0,1,1,0,1,1,1,0,2026-02-13 14:08:25.465589
Invoice Discounting,System Manager,0,1,1,1,1,1,1,1,1,1,1,1,1,1,0,2026-02-14 01:13:42.972147
Issue,Support Team,0,1,1,1,1,0,0,0,1,0,0,1,1,1,0,2026-02-13 14:08:31.239721
Issue Priority,System Manager,0,1,1,1,1,0,0,0,1,1,0,1,1,1,0,2026-02-13 14:08:30.889921
Issue Type,Support Team,0,1,1,1,1,0,0,0,1,1,0,1,1,1,0,2026-02-13 14:08:30.934248
Issue Type,System Manager,0,1,1,1,1,0,0,0,1,1,0,1,1,1,0,2026-02-13 14:08:30.934248
Item,Sales User,0,1,0,0,0,0,0,0,0,0,0,0,0,0,0,2026-02-13 14:08:27.751238
Item,Item Manager,0,1,1,1,1,0,0,0,1,1,1,1,1,1,0,2026-02-13 14:08:27.751238
Item,Desk User,0,0,0,0,0,0,0,0,1,1,0,1,1,1,0,2026-02-13 14:08:27.751238
Item,Stock Manager,0,1,0,0,0,0,0,0,1,0,0,0,1,1,0,2026-02-13 14:08:27.751238
Item,Accounts User,0,1,0,0,0,0,0,0,0,0,0,0,0,0,0,2026-02-13 14:08:27.751238
Item,Manufacturing User,0,1,0,0,0,0,0,0,0,0,0,0,0,0,0,2026-02-13 14:08:27.751238
Item,Purchase User,0,1,0,0,0,0,0,0,0,0,0,0,0,0,0,2026-02-13 14:08:27.751238
Item,Stock User,0,1,0,0,0,0,0,0,1,0,0,0,1,1,0,2026-02-13 14:08:27.751238
Item,Maintenance User,0,1,0,0,0,0,0,0,0,0,0,0,0,0,0,2026-02-13 14:08:27.751238
Item Alternative,Item Manager,0,1,1,1,1,0,0,0,1,1,0,1,1,1,0,2026-02-13 14:08:26.055543
Item Alternative,Stock Manager,0,1,1,1,1,0,0,0,1,1,0,1,1,1,0,2026-02-13 14:08:26.055543
Item Alternative,Stock User,0,1,1,1,1,0,0,0,1,1,0,1,1,1,0,2026-02-13 14:08:26.055543
Item Attribute,Item Manager,0,1,1,1,1,0,0,0,1,0,0,1,0,0,0,2026-02-13 14:08:25.067090
Item Group,Stock User,0,1,0,0,0,0,0,0,1,0,0,0,1,1,0,2026-02-13 14:08:19.852114
Item Group,Item Manager,0,1,1,1,1,0,0,0,1,1,1,1,1,1,0,2026-02-13 14:08:19.852114
Item Group,Sales User,0,1,0,0,0,0,0,0,1,0,0,0,1,1,0,2026-02-13 14:08:19.852114
Item Group,Purchase User,0,1,0,0,0,0,0,0,1,0,0,0,1,1,0,2026-02-13 14:08:19.852114
Item Group,Accounts User,0,1,0,0,0,0,0,0,1,0,0,0,1,1,0,2026-02-13 14:08:19.852114
Item Group,Desk User,0,0,0,0,0,0,0,0,1,1,0,1,1,1,0,2026-02-13 14:08:19.852114
Item Group,Stock Manager,0,1,0,0,0,0,0,0,1,1,0,0,1,1,0,2026-02-13 14:08:19.852114
Item Lead Time,System Manager,0,1,1,1,1,0,0,0,1,1,0,1,1,1,0,2026-02-13 14:08:25.399961
Item Manufacturer,Stock User,0,1,1,1,1,0,0,0,1,1,0,1,1,1,0,2026-02-13 14:08:25.740304
Item Manufacturer,Stock Manager,0,1,1,1,1,0,0,0,1,1,0,1,1,1,0,2026-02-13 14:08:25.740304
Item Manufacturer,Item Manager,0,1,1,1,1,0,0,0,1,1,0,1,1,1,0,2026-02-13 14:08:25.740304
Item Price,Sales Master Manager,0,1,1,1,1,0,0,0,1,1,1,1,1,1,0,2026-02-13 14:08:29.461102
Item Price,Purchase Master Manager,0,1,1,1,1,0,0,0,1,1,1,1,1,1,0,2026-02-13 14:08:29.461102
Item Tax Template,Accounts User,0,1,0,0,0,0,0,0,1,1,0,1,1,1,0,2026-02-13 14:08:10.269960
Item Tax Template,Accounts Manager,0,1,1,1,1,0,0,0,1,1,0,1,1,1,0,2026-02-13 14:08:10.269960
Item Tax Template,System Manager,0,1,1,1,1,0,0,0,1,1,0,1,1,1,0,2026-02-13 14:08:10.269960
Item Variant Settings,System Manager,0,1,1,1,0,0,0,0,0,0,0,1,1,1,0,2026-02-13 14:08:25.318727
Item Variant Settings,Item Manager,0,1,1,1,0,0,0,0,0,0,0,1,1,1,0,2026-02-13 14:08:25.318727
Job Card,Manufacturing User,0,1,1,1,1,1,1,1,1,1,0,1,1,1,0,2026-02-13 14:08:24.099255
Job Card,Manufacturing Manager,0,1,1,1,1,1,1,1,1,1,0,1,1,1,0,2026-02-13 14:08:24.099255
Job Card,System Manager,0,1,1,1,1,1,1,1,1,1,0,1,1,1,0,2026-02-13 14:08:24.099255
Journal Entry,Accounts User,0,1,1,1,1,1,1,1,1,0,0,1,1,1,0,2026-02-13 14:08:04.270055
Journal Entry,Accounts Manager,0,1,1,1,1,1,1,1,1,1,1,1,1,1,0,2026-02-13 14:08:04.270055
Journal Entry,Auditor,0,1,0,0,0,0,0,0,1,0,0,0,1,1,0,2026-02-13 14:08:04.270055
Journal Entry Template,Accounts Manager,0,1,1,1,1,0,0,0,1,1,0,1,1,1,0,2026-02-13 14:08:08.177201
Journal Entry Template,Accounts User,0,1,1,1,1,0,0,0,1,1,0,1,1,1,0,2026-02-13 14:08:08.177201
Journal Entry Template,Auditor,0,1,0,0,0,0,0,0,1,1,0,1,1,1,0,2026-02-13 14:08:08.177201
Kanban Board,System Manager,0,1,1,1,1,0,0,0,1,1,0,1,1,1,0,2026-02-13 14:07:55.626278
Kanban Board,Desk User,0,1,1,1,1,0,0,0,0,0,0,0,0,0,1,2026-02-13 14:07:55.626278
Kanban Board,Desk User,0,1,0,0,0,0,0,0,0,0,0,0,0,0,0,2026-02-13 14:07:55.626278
Landed Cost Voucher,Stock Manager,0,1,1,1,1,1,1,1,1,1,0,1,0,0,0,2026-02-13 14:08:26.229682
Language,All,0,1,0,0,0,0,0,0,0,0,0,0,0,0,0,2026-02-13 14:07:47.176392
Language,System Manager,0,1,1,1,1,0,0,0,0,0,0,0,0,0,0,2026-02-13 14:07:47.176392
LDAP Settings,System Manager,0,1,1,1,1,0,0,0,0,1,0,1,1,1,0,2026-02-13 14:07:56.283862
Lead,System Manager,0,1,1,1,0,0,0,0,1,0,0,1,1,1,0,2026-02-13 14:08:14.235549
Lead,Sales Manager,0,1,1,1,1,0,0,0,1,1,1,1,1,1,0,2026-02-13 14:08:14.235549
Lead,Sales User,0,1,1,1,0,0,0,0,1,0,0,1,1,1,0,2026-02-13 14:08:14.235549
Lead,Desk User,1,1,0,0,0,0,0,0,1,0,0,0,0,0,0,2026-02-13 14:08:14.235549
Lead,Sales Manager,1,1,0,0,0,0,0,0,1,0,0,0,0,0,0,2026-02-13 14:08:14.235549
Lead,Sales User,1,1,0,0,0,0,0,0,1,0,0,0,0,0,0,2026-02-13 14:08:14.235549
Ledger Health,System Manager,0,1,1,1,1,0,0,0,1,1,0,1,1,1,0,2026-02-13 14:08:06.131523
Ledger Health Monitor,System Manager,0,1,1,1,1,0,0,0,0,0,0,1,1,1,0,2026-02-13 14:08:03.145603
Ledger Health Monitor,Accounts Manager,0,1,1,1,1,0,0,0,0,0,0,1,1,1,0,2026-02-13 14:08:03.145603
Ledger Health Monitor,Accounts User,0,1,1,1,1,0,0,0,0,0,0,1,1,1,0,2026-02-13 14:08:03.145603
Ledger Merge,Accounts Manager,0,1,1,1,0,0,0,0,1,1,0,1,1,1,0,2026-02-13 14:08:02.203974
Ledger Merge,System Manager,0,1,1,1,1,0,0,0,1,1,0,1,1,1,0,2026-02-13 14:08:02.203974
Letter Head,System Manager,0,1,1,1,1,0,0,0,1,0,0,1,1,1,0,2026-02-14 01:13:27.909949
Letter Head,Desk User,0,1,0,0,0,0,0,0,0,0,0,0,0,0,0,2026-02-14 01:13:27.909949
List Filter,Desk User,0,1,1,1,1,0,0,0,1,1,0,1,1,1,0,2026-02-13 14:07:54.864453
List View Settings,System Manager,0,1,1,1,1,0,0,0,0,0,0,1,1,1,0,2026-02-13 14:07:55.201204
Location,System Manager,0,1,1,1,1,0,0,0,1,1,0,1,1,1,0,2026-02-13 14:08:32.933711
Location,Stock User,0,1,1,1,1,0,0,0,1,1,0,1,1,1,0,2026-02-13 14:08:32.933711
Location,Accounts User,0,1,1,1,1,0,0,0,1,1,0,1,1,1,0,2026-02-13 14:08:32.933711
Location,Stock Manager,0,1,1,1,1,0,0,0,1,1,0,1,1,1,0,2026-02-13 14:08:32.933711
Log Settings,System Manager,0,1,1,1,1,0,0,0,0,0,0,1,1,1,0,2026-02-13 14:07:50.128373
Lot,System Manager,0,1,1,1,0,0,0,0,0,0,0,0,0,0,0,2026-02-22 16:03:42.511113
Lot,QA Manager,0,1,1,0,0,0,0,0,0,0,0,0,0,0,0,2026-02-22 16:03:42.511437
Lot Transformation,Farm User,0,1,1,1,1,0,0,0,1,1,0,1,1,1,0,2026-02-22 08:45:33.573322
Lot Transformation,Farm Manager,0,1,1,1,1,0,0,0,1,1,1,1,1,1,0,2026-02-22 08:45:33.573322
Lot Transformation,System Manager,0,1,1,1,1,0,0,0,1,1,0,1,1,1,0,2026-02-22 08:45:33.573322
Lower Deduction Certificate,System Manager,0,1,1,1,1,0,0,0,1,1,0,1,1,1,0,2026-02-13 14:08:33.855893
Lower Deduction Certificate,Accounts Manager,0,1,1,1,1,0,0,0,1,1,0,1,1,1,0,2026-02-13 14:08:33.855893
Lower Deduction Certificate,Accounts User,0,1,1,1,1,0,0,0,1,1,0,1,1,1,0,2026-02-13 14:08:33.855893
Loyalty Point Entry,Accounts Manager,0,1,0,0,0,0,0,0,1,1,0,0,1,1,0,2026-02-13 14:08:04.485439
Loyalty Point Entry,Accounts User,0,1,0,0,0,0,0,0,1,1,0,0,1,1,0,2026-02-13 14:08:04.485439
Loyalty Point Entry,Auditor,0,1,0,0,0,0,0,0,1,1,0,0,1,1,0,2026-02-13 14:08:04.485439
Loyalty Program,System Manager,0,1,1,1,1,0,0,0,1,1,0,1,1,1,0,2026-02-13 14:08:09.551519
Maintenance Schedule,Maintenance Manager,0,1,1,1,1,1,1,1,1,0,0,1,1,1,0,2026-02-13 14:08:33.559444
Maintenance Visit,Maintenance User,0,1,1,1,1,1,1,1,1,0,0,1,1,1,0,2026-02-13 14:08:33.437389
Manufacturer,Stock User,0,1,0,0,0,0,0,0,1,1,0,1,1,1,0,2026-02-13 14:08:27.186261
Manufacturer,Stock Manager,0,1,1,1,1,0,0,0,1,1,0,1,1,1,0,2026-02-13 14:08:27.186261
Manufacturing Settings,Manufacturing Manager,0,1,1,1,0,0,0,0,0,0,0,1,0,0,0,2026-02-13 14:08:22.044342
Market Segment,Sales Manager,0,1,1,1,1,0,0,0,1,1,0,1,1,1,0,2026-02-13 14:08:13.643621
Master Production Schedule,Stock Manager,0,1,1,1,1,0,0,0,1,1,0,1,1,1,0,2026-02-13 14:08:22.077661
Master Production Schedule,System Manager,0,1,1,1,1,0,0,0,1,1,0,1,1,1,0,2026-02-13 14:08:22.077661
Master Production Schedule,Stock User,0,1,1,1,1,0,0,0,1,1,0,1,1,1,0,2026-02-13 14:08:22.077661
Master Production Schedule,Manufacturing User,0,1,1,1,1,0,0,0,1,1,0,1,1,1,0,2026-02-13 14:08:22.077661
Master Production Schedule,Manufacturing Manager,0,1,1,1,1,0,0,0,1,1,0,1,1,1,0,2026-02-13 14:08:22.077661
Material Request,Stock Manager,0,1,1,1,1,1,1,1,1,0,0,1,1,1,0,2026-02-13 14:08:28.100923
Material Request,Purchase User,0,1,1,1,1,1,1,1,1,0,0,1,1,1,0,2026-02-13 14:08:28.100923
Material Request,Purchase Manager,0,1,1,1,1,1,1,1,1,1,1,1,1,1,0,2026-02-13 14:08:28.100923
Material Request,Stock User,0,1,1,1,1,1,1,1,1,0,0,1,1,1,0,2026-02-13 14:08:28.100923
Milestone,System Manager,0,1,1,1,1,0,0,0,1,1,0,1,1,1,0,2026-02-13 14:07:58.338260
Milestone Tracker,System Manager,0,1,1,1,1,0,0,0,1,1,0,1,1,1,0,2026-02-13 14:07:58.176133
Mode of Payment,Accounts Manager,0,1,1,1,0,0,0,0,1,0,0,1,1,1,0,2026-02-14 01:13:33.039727
Mode of Payment,Accounts User,0,1,0,0,0,0,0,0,1,0,0,0,0,0,0,2026-02-14 01:13:33.039727
Module Def,All,0,1,0,0,0,0,0,0,1,0,0,0,0,0,0,2026-02-13 14:07:46.848936
Module Def,System Manager,0,1,1,1,1,0,0,0,1,0,0,0,0,0,0,2026-02-13 14:07:46.848936
Module Def,Administrator,0,1,1,1,1,0,0,0,1,0,0,1,1,1,0,2026-02-13 14:07:46.848936
Module Onboarding,System Manager,0,1,1,1,1,0,0,0,1,1,0,1,1,1,0,2026-02-13 14:07:45.134864
Module Onboarding,Desk User,0,1,0,0,0,0,0,0,1,1,0,1,1,1,0,2026-02-13 14:07:45.134864
Module Profile,System Manager,0,1,1,1,1,0,0,0,1,1,0,1,1,1,0,2026-02-13 14:07:47.604656
Monthly Distribution,Accounts Manager,0,1,1,1,1,0,0,0,1,0,0,1,1,1,0,2026-02-13 14:08:09.616387
Monthly Distribution,Accounts Manager,2,1,0,0,0,0,0,0,1,0,0,0,0,0,0,2026-02-13 14:08:09.616387
Navbar Settings,System Manager,0,1,1,1,1,0,0,0,0,0,0,1,1,1,0,2026-02-13 14:07:48.318624
Network Printer Settings,Desk User,0,1,0,0,0,0,0,0,1,1,0,1,1,1,0,2026-02-13 14:07:57.105581
Network Printer Settings,System Manager,0,1,1,1,1,0,0,0,1,1,0,1,1,1,0,2026-02-13 14:07:57.105581
Non Conformance,Employee,0,1,1,1,1,0,0,0,1,1,0,1,1,1,0,2026-02-13 14:08:34.809538
Non Conformance,System Manager,0,1,1,1,1,0,0,0,1,1,0,1,1,1,0,2026-02-13 14:08:34.809538
Nonconformance,QA Manager,0,1,1,1,0,0,0,0,0,0,0,0,0,0,0,2026-02-22 16:03:42.619347
Nonconformance,System Manager,0,1,1,1,0,0,0,0,0,0,0,0,0,0,0,2026-02-22 16:03:42.618827
Note,Desk User,0,0,1,1,1,0,0,0,0,0,0,1,0,1,1,2026-02-13 14:07:54.282929
Note,System Manager,0,1,1,1,1,0,0,0,1,1,0,1,1,1,0,2026-02-13 14:07:54.282929
Note,Desk User,0,1,0,0,0,0,0,0,1,1,0,0,1,0,0,2026-02-13 14:07:54.282929
Note,Desk User,1,1,0,0,0,0,0,0,0,0,0,0,0,0,0,2026-02-13 14:07:54.282929
Note,System Manager,1,1,1,0,0,0,0,0,0,0,0,0,0,0,0,2026-02-13 14:07:54.282929
Note,System Manager,2,1,1,0,0,0,0,0,0,0,0,0,0,0,0,2026-02-13 14:07:54.282929
Notification,System Manager,0,1,1,1,1,0,0,0,1,1,0,1,0,0,0,2026-02-13 14:07:45.949630
Notification Log,All,0,1,0,0,0,0,0,0,1,1,0,1,1,1,0,2026-02-13 14:07:54.943797
Notification Settings,All,0,1,1,1,0,0,0,0,1,1,0,1,1,1,0,2026-02-13 14:07:55.443904
Number Card,System Manager,0,1,1,1,1,0,0,0,1,1,0,1,1,1,0,2026-02-13 14:07:44.804944
Number Card,Dashboard Manager,0,1,1,1,1,0,0,0,1,1,0,1,1,1,0,2026-02-13 14:07:44.804944
Number Card,Desk User,0,1,0,0,0,0,0,0,1,1,0,1,1,1,0,2026-02-13 14:07:44.804944
OAuth Authorization Code,System Manager,0,1,0,0,1,0,0,0,1,1,0,1,1,1,0,2026-02-13 14:07:56.603846
OAuth Bearer Token,System Manager,0,1,0,0,1,0,0,0,1,1,0,1,1,1,0,2026-02-13 14:07:56.915459
OAuth Client,System Manager,0,1,1,1,1,0,0,0,1,1,0,1,1,1,0,2026-02-13 14:07:56.498284
OAuth Provider Settings,System Manager,0,1,1,1,1,0,0,0,0,0,0,1,1,1,0,2026-02-13 14:07:55.935027
OAuth Settings,System Manager,0,1,1,1,1,0,0,0,0,0,0,1,1,1,0,2026-02-13 14:07:57.047407
Onboarding Step,Administrator,0,1,1,1,1,0,0,0,1,1,0,1,1,1,0,2026-02-13 14:07:45.035060
Onboarding Step,Desk User,0,1,0,0,0,0,0,0,1,1,0,1,1,1,0,2026-02-13 14:07:45.035060
Opening Invoice Creation Tool,System Manager,0,1,1,1,0,0,0,0,0,0,0,1,1,1,0,2026-02-13 14:08:05.954514
Operation,Manufacturing User,0,1,1,1,1,0,0,0,0,1,1,1,0,0,0,2026-02-13 14:08:21.998905
Operation,Manufacturing Manager,0,1,1,1,1,0,0,0,1,1,1,1,0,0,0,2026-02-13 14:08:21.998905
Opportunity,Sales Manager,0,1,1,1,1,0,0,0,1,1,1,1,1,1,0,2026-02-13 14:08:13.547348
Opportunity,Sales User,0,1,1,1,1,0,0,0,1,0,0,1,1,1,0,2026-02-13 14:08:13.547348
Opportunity Lost Reason,Sales Manager,0,1,1,1,1,0,0,0,1,1,0,1,1,1,0,2026-02-13 14:08:13.733123
Opportunity Lost Reason,System Manager,0,1,1,1,1,0,0,0,1,1,0,1,1,1,0,2026-02-13 14:08:13.733123
Opportunity Lost Reason,Sales User,0,1,1,1,1,0,0,0,1,1,0,1,1,1,0,2026-02-13 14:08:13.733123
Opportunity Lost Reason,Sales Master Manager,0,1,1,1,1,0,0,0,1,1,0,1,1,1,0,2026-02-13 14:08:13.733123
Opportunity Type,System Manager,0,1,1,1,1,0,0,0,1,1,0,1,1,1,0,2026-02-13 14:08:14.476420
Opportunity Type,Sales Manager,0,1,1,1,1,0,0,0,1,1,0,1,1,1,0,2026-02-13 14:08:14.476420
Opportunity Type,Sales User,0,1,0,0,0,0,0,0,1,1,0,1,1,1,0,2026-02-13 14:08:14.476420
Package,System Manager,0,1,1,1,1,0,0,0,1,1,0,1,1,1,0,2026-02-13 14:07:49.757443
Package Import,System Manager,0,1,1,1,1,0,0,0,1,1,0,1,1,1,0,2026-02-13 14:07:47.912867
Package Release,System Manager,0,1,1,1,1,0,0,0,1,1,0,1,1,1,0,2026-02-13 14:07:47.234432
Packing Slip,Sales Manager,0,1,1,1,1,1,1,1,1,0,0,1,1,1,0,2026-02-13 14:08:28.527189
Packing Slip,Stock Manager,0,1,1,1,1,1,1,1,1,0,0,1,1,1,0,2026-02-13 14:08:28.527189
Packing Slip,Stock User,0,1,1,1,1,1,1,1,1,0,0,1,1,1,0,2026-02-13 14:08:28.527189
Packing Slip,Item Manager,0,1,1,1,1,1,1,1,1,0,0,1,1,1,0,2026-02-13 14:08:28.527189
Packing Slip,Sales User,0,1,1,1,1,1,1,1,1,0,0,1,1,1,0,2026-02-13 14:08:28.527189
Page,System Manager,0,1,1,0,0,0,0,0,0,0,0,1,1,1,0,2026-02-13 14:07:45.591288
Page,Administrator,0,1,1,1,1,0,0,0,0,0,0,1,1,1,0,2026-02-13 14:07:45.591288
Party Link,System Manager,0,1,1,1,1,0,0,0,1,1,0,1,1,1,0,2026-02-13 14:08:11.872221
Party Link,Accounts User,0,1,1,1,1,0,0,0,1,1,0,1,1,1,0,2026-02-13 14:08:11.872221
Party Link,Accounts Manager,0,1,1,1,1,0,0,0,1,1,0,1,1,1,0,2026-02-13 14:08:11.872221
Party Specific Item,System Manager,0,1,1,1,1,0,0,0,1,1,0,1,1,1,0,2026-02-13 14:08:18.409843
Party Type,Accounts User,0,1,0,0,0,0,0,0,1,1,0,1,1,1,0,2026-02-13 14:08:19.938792
Party Type,Accounts Manager,0,1,0,0,0,0,0,0,1,1,0,1,1,1,0,2026-02-13 14:08:19.938792
Party Type,System Manager,0,1,0,0,0,0,0,0,1,1,0,1,1,1,0,2026-02-13 14:08:19.938792
Patch Log,System Manager,0,1,0,0,0,0,0,0,1,1,0,0,1,1,0,2026-02-14 01:13:17.819066
Patch Log,Administrator,0,1,0,0,0,0,0,0,1,0,0,0,1,1,0,2026-02-14 01:13:17.819066
Payment Entry,Accounts User,0,1,1,1,1,1,1,1,1,1,1,1,1,1,0,2026-02-13 14:08:05.193258
Payment Entry,Accounts Manager,0,1,1,1,1,1,1,1,1,1,1,1,1,1,0,2026-02-13 14:08:05.193258
Payment Gateway Account,Accounts Manager,0,1,1,1,1,0,0,0,1,1,0,1,1,1,0,2026-02-13 14:08:10.136111
Payment Ledger Entry,Auditor,0,1,0,0,0,0,0,0,1,1,0,1,1,1,0,2026-02-13 14:08:03.235805
Payment Ledger Entry,Accounts Manager,0,1,0,0,0,0,0,0,1,1,0,1,1,1,0,2026-02-13 14:08:03.235805
Payment Ledger Entry,Accounts User,0,1,0,0,0,0,0,0,1,1,0,1,1,1,0,2026-02-13 14:08:03.235805
Payment Order,Accounts User,0,1,1,1,1,1,1,1,1,1,0,1,1,1,0,2026-02-13 14:08:01.813935
Payment Order,Accounts Manager,0,1,1,1,1,1,1,1,1,1,0,1,1,1,0,2026-02-13 14:08:01.813935
Payment Reconciliation,Accounts Manager,0,1,1,1,1,0,0,0,0,0,0,1,0,0,0,2026-02-13 14:08:01.703840
Payment Reconciliation,Accounts User,0,1,1,1,1,0,0,0,0,0,0,1,0,0,0,2026-02-13 14:08:01.703840
Payment Request,Accounts Manager,0,1,1,1,1,1,1,1,1,1,0,1,1,1,0,2026-02-13 14:08:05.298756
Payment Request,Accounts User,0,1,1,1,1,0,0,0,1,1,0,1,1,1,0,2026-02-13 14:08:05.298756
Payment Term,Accounts Manager,0,1,1,1,1,0,0,0,1,1,0,1,1,1,0,2026-02-13 14:08:04.641971
Payment Term,Accounts User,0,1,1,1,1,0,0,0,1,1,0,1,1,1,0,2026-02-13 14:08:04.641971
Payment Term,System Manager,0,1,1,1,1,0,0,0,1,1,0,1,1,1,0,2026-02-13 14:08:04.641971
Payment Terms Template,System Manager,0,1,1,1,1,0,0,0,1,1,0,1,1,1,0,2026-02-13 14:08:08.801204
Payment Terms Template,Accounts Manager,0,1,1,1,1,0,0,0,1,1,0,1,1,1,0,2026-02-13 14:08:08.801204
Payment Terms Template,Accounts User,0,1,1,1,1,0,0,0,1,1,0,1,1,1,0,2026-02-13 14:08:08.801204
Payment Terms Template,All,0,0,0,0,0,0,0,0,1,1,0,1,1,1,0,2026-02-13 14:08:08.801204
Pegged Currencies,System Manager,0,1,1,1,1,0,0,0,0,0,0,1,1,1,0,2026-02-13 14:08:06.181725
Period Closing Voucher,Accounts Manager,0,1,1,1,1,1,1,1,1,0,0,1,1,1,0,2026-02-13 14:08:12.606154
Period Closing Voucher,System Manager,0,1,1,1,1,1,1,1,1,0,0,1,1,1,0,2026-02-13 14:08:12.606154
Permission Inspector,System Manager,0,1,1,0,0,0,0,0,0,0,0,0,0,0,0,2026-02-13 14:07:46.625865
Permission Log,System Manager,0,1,0,0,0,0,0,0,1,0,0,0,0,0,0,2026-02-13 14:07:46.798263
Permission Type,Administrator,0,1,1,1,1,0,0,0,1,1,0,1,1,1,0,2026-02-13 14:07:44.384642
Personal Data Deletion Request,System Manager,0,1,1,1,1,0,0,0,1,1,0,1,1,1,0,2026-02-13 14:07:51.606587
Personal Data Download Request,System Manager,0,1,1,1,1,0,0,0,1,1,0,1,1,1,0,2026-02-13 14:07:50.887483
Personal Data Download Request,All,0,1,0,0,0,0,0,0,0,0,0,0,0,0,1,2026-02-13 14:07:50.887483
Pick List,Stock User,0,1,1,1,1,1,1,1,1,1,0,1,1,1,0,2026-02-13 14:08:30.038540
Pick List,Manufacturing Manager,0,1,1,1,1,1,1,1,1,1,0,1,1,1,0,2026-02-13 14:08:30.038540
Pick List,Manufacturing User,0,1,1,1,1,1,1,1,1,1,0,1,1,1,0,2026-02-13 14:08:30.038540
Pick List,Stock Manager,0,1,1,1,1,1,1,1,1,1,0,1,1,1,0,2026-02-13 14:08:30.038540
Plaid Settings,System Manager,0,1,1,1,1,0,0,0,0,0,0,1,1,1,0,2026-02-13 14:08:34.053704
Plant Floor,System Manager,0,1,1,1,1,0,0,0,1,1,0,1,1,1,0,2026-02-13 14:08:23.637935
Portal Settings,Website Manager,0,1,1,1,1,0,0,0,0,0,0,1,1,1,0,2026-02-13 14:07:50.953683
POS Closing Entry,Administrator,0,1,1,1,1,1,1,0,1,1,0,1,1,1,0,2026-02-13 14:08:06.845986
POS Closing Entry,System Manager,0,1,1,1,1,1,1,0,1,1,0,1,1,1,0,2026-02-13 14:08:06.845986
POS Closing Entry,Sales Manager,0,1,1,1,0,1,1,0,1,1,0,1,1,1,0,2026-02-13 14:08:06.845986
POS Invoice,Accounts User,0,1,1,1,0,1,0,1,1,0,0,1,1,1,0,2026-02-13 14:08:03.894800
POS Invoice,Accounts Manager,0,1,1,1,1,1,1,1,1,0,0,1,1,1,0,2026-02-13 14:08:03.894800
POS Invoice,All,1,1,0,0,0,0,0,0,0,0,0,0,0,0,0,2026-02-13 14:08:03.894800
POS Invoice,Accounts Manager,1,1,1,0,0,0,0,0,0,0,0,0,0,0,0,2026-02-13 14:08:03.894800
POS Invoice Merge Log,System Manager,0,1,1,1,1,1,1,0,1,1,0,1,1,1,0,2026-02-13 14:08:04.542477
POS Invoice Merge Log,Sales User,0,1,1,1,1,0,0,0,1,1,0,1,1,1,0,2026-02-13 14:08:04.542477
POS Invoice Merge Log,Administrator,0,1,1,1,1,1,1,0,1,1,0,1,1,1,0,2026-02-13 14:08:04.542477
POS Invoice Merge Log,Sales Manager,0,1,1,1,1,1,1,0,1,1,0,1,1,1,0,2026-02-13 14:08:04.542477
POS Opening Entry,Sales Manager,0,1,1,1,0,1,1,0,1,1,0,1,1,1,0,2026-02-13 14:08:08.932459
POS Opening Entry,System Manager,0,1,1,1,1,1,1,0,1,1,0,1,1,1,0,2026-02-13 14:08:08.932459
POS Opening Entry,Administrator,0,1,1,1,1,1,1,0,1,1,0,1,1,1,0,2026-02-13 14:08:08.932459
POS Profile,Accounts User,0,1,0,0,0,0,0,0,1,0,0,0,1,1,0,2026-02-13 14:08:06.476008
POS Profile,Accounts Manager,0,1,1,1,1,0,0,0,1,0,0,1,1,1,0,2026-02-13 14:08:06.476008
POS Settings,Accounts User,0,1,1,0,0,0,0,0,0,0,0,1,1,1,0,2026-02-13 14:08:01.931946
POS Settings,System Manager,0,1,1,0,0,0,0,0,0,0,0,1,1,1,0,2026-02-13 14:08:01.931946
POS Settings,Sales User,0,1,1,0,0,0,0,0,0,0,0,1,1,1,0,2026-02-13 14:08:01.931946
Prepared Report,Prepared Report User,0,1,0,0,0,0,0,0,1,1,0,1,1,1,0,2026-02-13 14:07:46.647646
Prepared Report,System Manager,0,1,1,1,1,0,0,0,1,1,0,1,1,1,0,2026-02-13 14:07:46.647646
Price List,Manufacturing User,0,1,0,0,0,0,0,0,0,0,0,0,0,0,0,2026-02-13 14:08:29.545208
Price List,Purchase Master Manager,0,1,1,1,1,0,0,0,1,0,0,1,0,0,0,2026-02-13 14:08:29.545208
Price List,Sales Master Manager,0,1,1,1,1,0,0,0,1,1,1,1,0,0,0,2026-02-13 14:08:29.545208
Price List,Purchase User,0,1,0,0,0,0,0,0,1,0,0,0,0,0,0,2026-02-13 14:08:29.545208
Price List,Sales User,0,1,0,0,0,0,0,0,1,0,0,0,0,0,0,2026-02-13 14:08:29.545208
Pricing Rule,Website Manager,0,1,1,1,1,0,0,0,1,0,0,1,0,0,0,2026-02-13 14:08:02.995318
Pricing Rule,Purchase Manager,0,1,1,1,1,0,0,0,1,0,0,1,0,0,0,2026-02-13 14:08:02.995318
Pricing Rule,System Manager,0,1,1,1,1,0,0,0,1,1,1,1,0,0,0,2026-02-13 14:08:02.995318
Pricing Rule,Sales Manager,0,1,1,1,1,0,0,0,1,0,0,1,0,0,0,2026-02-13 14:08:02.995318
Pricing Rule,Accounts Manager,0,1,1,1,1,0,0,0,1,1,1,1,0,0,0,2026-02-13 14:08:02.995318
Print Format,Desk User,0,0,0,0,0,0,0,0,0,0,0,0,0,0,0,2026-02-13 14:07:45.745030
Print Format,System Manager,0,1,1,1,1,0,0,0,1,0,0,1,1,1,0,2026-02-13 14:07:45.745030
Print Format Field Template,System Manager,0,1,1,1,1,0,0,0,1,1,0,1,1,1,0,2026-02-13 14:07:57.272763
Print Heading,Desk User,0,1,0,0,0,0,0,0,0,0,0,0,0,0,0,2026-02-13 14:07:57.202771
Print Heading,System Manager,0,1,1,1,1,0,0,0,1,0,0,1,1,1,0,2026-02-13 14:07:57.202771
Print Settings,System Manager,0,1,1,1,0,0,0,0,0,0,0,1,0,0,0,2026-02-14 01:13:27.840816
Print Style,System Manager,0,1,1,1,1,0,0,0,1,1,0,1,1,1,0,2026-02-13 14:07:46.021827
Process Deferred Accounting,Accounts User,0,1,1,1,1,1,0,0,1,1,0,1,1,1,0,2026-02-13 14:08:07.864013
Process Deferred Accounting,Accounts Manager,0,1,1,1,1,1,1,0,1,1,0,1,1,1,0,2026-02-13 14:08:07.864013
Process Deferred Accounting,System Manager,0,1,1,1,1,1,1,0,1,1,0,1,1,1,0,2026-02-13 14:08:07.864013
Process Payment Reconciliation,Accounts Manager,0,1,1,1,1,1,1,1,0,0,0,1,0,0,0,2026-02-13 14:08:06.714833
Process Payment Reconciliation,Accounts User,0,1,1,1,1,1,1,1,0,0,0,1,0,0,0,2026-02-13 14:08:06.714833
Process Payment Reconciliation Log,Accounts Manager,0,1,1,1,1,0,0,0,1,1,0,1,1,1,0,2026-02-13 14:08:06.279418
Process Payment Reconciliation Log,Accounts User,0,1,1,1,1,0,0,0,1,1,0,1,1,1,0,2026-02-13 14:08:06.279418
Process Period Closing Voucher,System Manager,0,1,1,1,1,1,1,0,1,1,0,1,1,1,0,2026-02-13 14:08:10.822091
Process Period Closing Voucher,Accounts Manager,0,1,1,1,1,1,1,0,1,1,0,1,1,1,0,2026-02-13 14:08:10.822091
Process Statement Of Accounts,Accounts User,0,1,1,1,1,0,0,0,1,1,0,1,1,1,0,2026-02-13 14:08:07.002820
Process Statement Of Accounts,Accounts Manager,0,1,1,1,1,0,0,0,1,1,0,1,1,1,0,2026-02-13 14:08:07.002820
Process Subscription,System Manager,0,1,1,1,1,1,0,0,1,1,0,1,1,1,0,2026-02-13 14:08:10.319406
Process Subscription,Accounts Manager,0,1,1,1,1,1,0,0,1,1,0,1,1,1,0,2026-02-13 14:08:10.319406
Process Subscription,Accounts User,0,1,1,1,1,1,0,0,1,1,0,1,1,1,0,2026-02-13 14:08:10.319406
Product Bundle,Stock User,0,1,0,0,0,0,0,0,1,0,0,0,1,1,0,2026-02-14 01:13:47.973373
Product Bundle,Sales User,0,1,1,1,1,0,0,0,1,0,0,1,1,1,0,2026-02-14 01:13:47.973373
Product Bundle,Stock Manager,0,1,1,1,1,0,0,0,1,0,0,1,1,1,0,2026-02-14 01:13:47.973373
Production Plan,Manufacturing User,0,1,1,1,1,1,1,1,0,0,0,1,1,1,0,2026-02-13 14:08:21.919898
Project,Employee,0,0,0,0,0,0,0,0,1,1,0,1,1,1,0,2026-02-13 14:08:16.813101
Project,Projects Manager,0,1,1,1,1,0,0,0,1,1,0,1,1,1,0,2026-02-13 14:08:16.813101
Project,Projects User,0,1,1,1,1,0,0,0,1,0,0,1,1,1,0,2026-02-13 14:08:16.813101
Project,Desk User,1,1,0,0,0,0,0,0,1,0,0,0,0,0,0,2026-02-13 14:08:16.813101
Project Template,System Manager,0,1,1,1,1,0,0,0,1,1,0,1,1,1,0,2026-02-13 14:08:17.210687
Project Type,Projects Manager,0,1,1,1,1,0,0,0,1,1,0,1,1,1,0,2026-02-13 14:08:17.136291
Project Type,System Manager,0,1,1,1,1,0,0,0,1,1,0,1,1,1,0,2026-02-13 14:08:17.136291
Project Type,Projects User,0,1,0,0,0,0,0,0,1,1,0,1,1,1,0,2026-02-13 14:08:17.136291
Project Update,Projects User,0,1,1,1,1,1,0,0,1,1,0,1,1,1,0,2026-02-13 14:08:16.430525
Projects Settings,System Manager,0,1,1,1,1,0,0,0,0,0,0,1,1,1,0,2026-02-13 14:08:16.959707
Promotional Scheme,System Manager,0,1,1,1,1,0,0,0,1,1,0,1,1,1,0,2026-02-13 14:08:07.676818
Promotional Scheme,Accounts User,0,1,1,1,1,0,0,0,1,1,0,1,1,1,0,2026-02-13 14:08:07.676818
Promotional Scheme,Accounts Manager,0,1,1,1,1,0,0,0,1,1,0,1,1,1,0,2026-02-13 14:08:07.676818
Promotional Scheme,Sales Manager,0,1,1,1,1,0,0,0,1,1,0,1,1,1,0,2026-02-13 14:08:07.676818
Property Setter,Administrator,0,1,1,1,1,0,0,0,1,0,0,1,1,1,0,2026-02-13 14:07:44.483664
Property Setter,System Manager,0,1,1,1,1,0,0,0,1,0,0,1,1,1,0,2026-02-13 14:07:44.483664
Prospect,Sales User,0,1,0,0,0,0,0,0,1,1,0,1,1,1,0,2026-02-13 14:08:14.574562
Prospect,Sales Manager,0,1,1,1,1,0,0,0,1,1,0,1,1,1,0,2026-02-13 14:08:14.574562
Prospect,System Manager,0,1,1,1,0,0,0,0,1,1,0,1,1,1,0,2026-02-13 14:08:14.574562
Purchase Invoice,Accounts User,0,1,1,1,0,1,1,1,1,0,0,1,1,1,0,2026-02-13 14:08:09.196874
Purchase Invoice,Purchase User,0,1,0,0,0,0,0,0,1,0,0,0,1,1,0,2026-02-13 14:08:09.196874
Purchase Invoice,Auditor,0,1,0,0,0,0,0,0,1,0,0,0,1,1,0,2026-02-13 14:08:09.196874
Purchase Invoice,Accounts Manager,0,1,1,1,1,1,1,1,1,0,0,1,1,1,0,2026-02-13 14:08:09.196874
Purchase Invoice,Accounts Manager,1,1,1,0,0,0,0,0,0,0,0,0,0,0,0,2026-02-13 14:08:09.196874
Purchase Order,Purchase Manager,0,1,1,1,1,1,1,1,1,0,0,1,1,1,0,2026-02-13 14:08:16.040278
Purchase Order,Stock User,0,1,0,0,0,0,0,0,1,0,0,0,0,0,0,2026-02-13 14:08:16.040278
Purchase Order,Purchase User,0,1,1,1,1,1,1,1,1,0,0,1,1,1,0,2026-02-13 14:08:16.040278
Purchase Order,Purchase Manager,1,1,1,0,0,0,0,0,0,0,0,0,0,0,0,2026-02-13 14:08:16.040278
Purchase Receipt,Stock Manager,0,1,1,1,1,1,1,1,1,0,0,1,1,1,0,2026-02-13 14:08:28.240807
Purchase Receipt,Purchase User,0,1,1,1,1,1,1,1,1,0,0,1,1,1,0,2026-02-13 14:08:28.240807
Purchase Receipt,Accounts User,0,1,0,0,0,0,0,0,1,0,0,0,0,0,0,2026-02-13 14:08:28.240807
Purchase Receipt,Stock User,0,1,1,1,1,1,1,1,1,0,0,1,1,1,0,2026-02-13 14:08:28.240807
Purchase Receipt,Stock Manager,1,1,1,0,0,0,0,0,0,0,0,0,0,0,0,2026-02-13 14:08:28.240807
Purchase Taxes and Charges Template,Purchase Master Manager,0,1,1,1,1,0,0,0,1,0,0,1,1,1,0,2026-02-13 14:08:07.781421
Purchase Taxes and Charges Template,Purchase Manager,0,1,0,0,0,0,0,0,1,0,0,0,1,1,0,2026-02-13 14:08:07.781421
Purchase Taxes and Charges Template,Purchase User,0,1,0,0,0,0,0,0,0,0,0,0,0,0,0,2026-02-13 14:08:07.781421
Push Notification Settings,System Manager,0,1,1,1,1,0,0,0,0,0,0,1,1,1,0,2026-02-13 14:07:56.797657
Putaway Rule,Stock Manager,0,1,1,1,1,0,0,0,1,1,0,1,1,1,0,2026-02-13 14:08:28.456760
Putaway Rule,Stock User,0,1,0,0,0,0,0,0,1,0,0,0,1,0,0,2026-02-13 14:08:28.456760
Putaway Rule,Stock Manager,1,1,1,0,0,0,0,0,1,1,0,1,1,1,0,2026-02-13 14:08:28.456760
QA Check Execution,System Manager,0,1,1,1,1,0,0,0,1,1,0,1,1,1,0,2026-02-21 21:40:00.217394
QA Checkpoint Template,System Manager,0,1,1,1,1,0,0,0,1,1,0,1,1,1,0,2026-02-21 21:20:00.353467
QCTest,System Manager,0,1,1,1,0,0,0,0,0,0,0,0,0,0,0,2026-02-22 16:03:42.700966
QCTest,QA Manager,0,1,1,1,0,0,0,0,0,0,0,0,0,0,0,2026-02-22 16:03:42.701221
Quality Action,Desk User,0,1,1,1,1,0,0,0,1,1,0,1,1,1,0,2026-02-13 14:08:34.312060
Quality Action,System Manager,0,1,1,1,1,0,0,0,1,1,0,1,1,1,0,2026-02-13 14:08:34.312060
Quality Feedback,System Manager,0,1,1,1,1,0,0,0,1,1,0,1,1,1,0,2026-02-13 14:08:34.125603
Quality Feedback,Desk User,0,1,1,1,1,0,0,0,1,1,0,1,1,1,0,2026-02-13 14:08:34.125603
Quality Feedback Template,System Manager,0,1,1,1,1,0,0,0,1,1,0,1,1,1,0,2026-02-13 14:08:34.725997
Quality Goal,System Manager,0,1,1,1,1,0,0,0,1,1,0,1,1,1,0,2026-02-13 14:08:34.501595
Quality Goal,Desk User,0,1,1,1,1,0,0,0,1,1,0,1,1,1,0,2026-02-13 14:08:34.501595
Quality Inspection,Quality Manager,0,1,1,1,1,1,1,1,1,0,0,1,1,1,0,2026-02-13 14:08:28.016762
Quality Inspection Parameter,Manufacturing User,0,1,1,1,1,0,0,0,1,1,0,1,1,1,0,2026-02-13 14:08:26.488112
Quality Inspection Parameter,Quality Manager,0,1,1,1,1,0,0,0,1,1,0,1,1,1,0,2026-02-13 14:08:26.488112
Quality Inspection Parameter,System Manager,0,1,1,1,1,0,0,0,1,1,0,1,1,1,0,2026-02-13 14:08:26.488112
Quality Inspection Parameter,Stock User,0,1,1,1,1,0,0,0,1,1,0,1,1,1,0,2026-02-13 14:08:26.488112
Quality Inspection Parameter Group,Stock User,0,1,1,1,1,0,0,0,1,1,0,1,1,1,0,2026-02-13 14:08:25.110966
Quality Inspection Parameter Group,System Manager,0,1,1,1,1,0,0,0,1,1,0,1,1,1,0,2026-02-13 14:08:25.110966
Quality Inspection Parameter Group,Manufacturing User,0,1,1,1,1,0,0,0,1,1,0,1,1,1,0,2026-02-13 14:08:25.110966
Quality Inspection Parameter Group,Quality Manager,0,1,1,1,1,0,0,0,1,1,0,1,1,1,0,2026-02-13 14:08:25.110966
Quality Inspection Template,Quality Manager,0,1,1,1,1,0,0,0,1,1,0,1,1,1,0,2026-02-13 14:08:29.309387
Quality Inspection Template,Stock User,0,1,1,1,1,0,0,0,1,1,0,1,1,1,0,2026-02-13 14:08:29.309387
Quality Inspection Template,System Manager,0,1,1,1,1,0,0,0,1,1,0,1,1,1,0,2026-02-13 14:08:29.309387
Quality Inspection Template,Manufacturing User,0,1,1,1,1,0,0,0,1,1,0,1,1,1,0,2026-02-13 14:08:29.309387
Quality Meeting,System Manager,0,1,1,1,1,0,0,0,1,1,0,1,1,1,0,2026-02-13 14:08:34.171075
Quality Meeting,Desk User,0,1,1,1,1,0,0,0,1,1,0,1,1,1,0,2026-02-13 14:08:34.171075
Quality Procedure,Desk User,0,1,1,1,1,0,0,0,1,1,0,1,1,1,0,2026-02-13 14:08:34.367512
Quality Procedure,System Manager,0,1,1,1,1,0,0,0,1,1,0,1,1,1,0,2026-02-13 14:08:34.367512
Quality Review,System Manager,0,1,1,1,1,0,0,0,1,1,0,1,1,1,0,2026-02-13 14:08:34.552740
Quality Review,Desk User,0,1,1,1,1,0,0,0,1,1,0,1,1,1,0,2026-02-13 14:08:34.552740
Quality Review,Quality Manager,0,1,1,1,1,0,0,0,1,1,0,1,1,1,0,2026-02-13 14:08:34.552740
Quick Stock Balance,Stock Manager,0,1,1,1,1,0,0,0,0,0,0,1,0,0,0,2026-02-13 14:08:29.902844
Quick Stock Balance,System Manager,0,1,1,1,1,0,0,0,0,0,0,1,0,0,0,2026-02-13 14:08:29.902844
Quick Stock Balance,Stock User,0,1,1,1,1,0,0,0,0,0,0,1,0,0,0,2026-02-13 14:08:29.902844
Quotation,Maintenance User,0,1,1,1,1,1,1,1,1,0,0,1,1,1,0,2026-02-13 14:08:18.691375
Quotation,Maintenance Manager,0,1,1,1,1,1,1,1,1,0,0,1,1,1,0,2026-02-13 14:08:18.691375
Quotation,Sales User,0,1,1,1,1,1,1,1,1,0,0,1,1,1,0,2026-02-13 14:08:18.691375
Quotation,Sales Manager,0,1,1,1,1,1,1,1,1,1,1,1,1,1,0,2026-02-13 14:08:18.691375
Quotation,Sales User,1,1,0,0,0,0,0,0,1,0,0,0,0,0,0,2026-02-13 14:08:18.691375
Quotation,Maintenance Manager,1,1,0,0,0,0,0,0,1,0,0,0,0,0,0,2026-02-13 14:08:18.691375
Quotation,Maintenance User,1,1,0,0,0,0,0,0,1,0,0,0,0,0,0,2026-02-13 14:08:18.691375
Quotation,Sales Manager,1,1,1,0,0,0,0,0,1,0,0,0,0,0,0,2026-02-13 14:08:18.691375
Quotation Lost Reason,Sales Master Manager,0,1,1,1,1,0,0,0,1,0,0,1,1,1,0,2026-02-13 14:08:19.418140
Quotation Lost Reason,Maintenance Manager,0,1,0,0,0,0,0,0,0,0,0,0,0,0,0,2026-02-13 14:08:19.418140
Quotation Lost Reason,Sales Manager,0,1,0,0,0,0,0,0,0,0,0,0,0,0,0,2026-02-13 14:08:19.418140
Quotation Lost Reason,Maintenance User,0,1,0,0,0,0,0,0,0,0,0,0,0,0,0,2026-02-13 14:08:19.418140
Quotation Lost Reason,Sales User,0,1,0,0,0,0,0,0,0,0,0,0,0,0,0,2026-02-13 14:08:19.418140
Recorder,Administrator,0,1,0,0,0,0,0,0,1,1,0,1,1,1,0,2026-02-13 14:07:47.801287
Reminder,Desk User,0,1,1,1,1,0,0,0,0,0,0,0,0,0,1,2026-02-13 14:07:58.115213
Rename Tool,System Manager,0,1,1,1,0,0,0,0,0,0,0,1,0,0,0,2026-02-13 14:08:31.704016
Report,Desk User,0,1,0,0,0,0,0,0,1,0,0,0,1,1,0,2026-02-13 14:07:45.637504
Report,Administrator,0,1,1,1,1,0,0,0,1,0,0,1,1,1,0,2026-02-13 14:07:45.637504
Report,Report Manager,0,1,1,1,1,0,0,0,1,0,0,1,1,1,0,2026-02-13 14:07:45.637504
Report,System Manager,0,1,1,1,1,0,0,0,1,0,0,1,1,1,0,2026-02-13 14:07:45.637504
Repost Accounting Ledger,System Manager,0,1,1,1,1,1,1,1,1,1,0,1,1,1,0,2026-02-13 14:08:12.749506
Repost Accounting Ledger Settings,Administrator,0,1,1,1,1,0,0,0,0,0,0,1,1,1,0,2026-02-13 14:08:05.870089
Repost Accounting Ledger Settings,System Manager,0,1,1,1,1,0,0,0,0,0,0,0,0,0,0,2026-02-13 14:08:05.870089
Repost Item Valuation,Stock Manager,0,1,1,1,1,1,1,0,1,1,0,1,1,1,0,2026-02-13 14:08:26.796708
Repost Item Valuation,Accounts Manager,0,1,1,1,1,1,0,0,1,1,0,1,1,1,0,2026-02-13 14:08:26.796708
Repost Item Valuation,System Manager,0,1,1,1,1,1,1,0,1,1,0,1,1,1,0,2026-02-13 14:08:26.796708
Repost Payment Ledger,System Manager,0,1,1,1,1,1,1,1,1,1,0,1,1,1,0,2026-02-13 14:08:08.088426
Repost Payment Ledger,Accounts Manager,0,1,1,1,1,1,0,0,1,1,0,1,1,1,0,2026-02-13 14:08:08.088426
Repost Payment Ledger,Accounts User,0,1,1,1,0,0,0,0,1,1,0,1,1,1,0,2026-02-13 14:08:08.088426
Repost Payment Ledger,Accounts Manager,1,1,1,0,0,0,0,0,1,1,0,1,1,1,0,2026-02-13 14:08:08.088426
Request for Quotation,Purchase User,0,1,1,1,0,0,0,1,1,0,0,1,1,1,0,2026-02-13 14:08:15.528245
Request for Quotation,Manufacturing Manager,0,1,1,1,1,1,1,1,1,0,0,1,1,1,0,2026-02-13 14:08:15.528245
Request for Quotation,Stock User,0,1,0,0,0,0,0,0,1,0,0,0,1,1,0,2026-02-13 14:08:15.528245
Request for Quotation,Purchase Manager,0,1,1,1,1,1,1,1,1,0,0,1,1,1,0,2026-02-13 14:08:15.528245
Request for Quotation,All,1,1,0,0,0,0,0,0,0,0,0,0,0,0,0,2026-02-13 14:08:15.528245
Request for Quotation,Purchase Manager,1,1,1,0,0,0,0,0,0,0,0,0,0,0,0,2026-02-13 14:08:15.528245
Role,System Manager,0,1,1,1,1,0,0,0,1,0,0,1,1,1,0,2026-02-13 14:07:43.954901
Role Permission for Page and Report,System Manager,0,1,1,1,1,0,0,0,0,0,0,1,1,1,0,2026-02-13 14:07:50.091880
Role Profile,System Manager,0,1,1,1,1,0,0,0,1,1,0,1,1,1,0,2026-02-13 14:07:46.360823
Role Profile,System Manager,1,1,1,0,0,0,0,0,1,1,0,1,1,1,0,2026-02-13 14:07:46.360823
Role Replication,System Manager,0,1,1,1,1,0,0,0,0,0,0,1,1,1,0,2026-02-13 14:07:50.072279
Route History,System Manager,0,1,0,0,0,0,0,0,1,1,0,1,1,1,0,2026-02-13 14:07:54.824275
Routing,Manufacturing Manager,0,1,1,1,1,0,0,0,1,1,0,1,1,1,0,2026-02-14 01:13:52.951657
Routing,Manufacturing User,0,1,1,1,1,0,0,0,1,1,0,1,1,1,0,2026-02-14 01:13:52.951657
RQ Job,Administrator,0,1,0,0,1,0,0,0,1,1,0,1,1,1,0,2026-02-13 14:07:46.471904
RQ Job,System Manager,0,1,0,0,0,0,0,0,1,1,0,1,1,1,0,2026-02-13 14:07:46.471904
RQ Worker,System Manager,0,1,0,0,0,0,0,0,1,1,0,1,1,1,0,2026-02-13 14:07:49.180299
Sales Forecast,Sales User,0,1,1,1,1,1,1,0,1,1,0,1,1,1,0,2026-02-13 14:08:22.633085
Sales Forecast,Sales Manager,0,1,1,1,1,1,1,0,1,1,0,1,1,1,0,2026-02-13 14:08:22.633085
Sales Forecast,Manufacturing User,0,1,1,1,1,1,1,0,1,1,0,1,1,1,0,2026-02-13 14:08:22.633085
Sales Forecast,System Manager,0,1,1,1,1,1,1,0,1,1,0,1,1,1,0,2026-02-13 14:08:22.633085
Sales Forecast,Manufacturing Manager,0,1,1,1,1,1,1,0,1,1,0,1,1,1,0,2026-02-13 14:08:22.633085
Sales Invoice,Accounts Manager,0,1,1,1,1,1,1,1,1,0,0,1,1,1,0,2026-02-13 14:08:04.719444
Sales Invoice,Accounts User,0,1,1,1,0,1,0,1,1,0,0,1,1,1,0,2026-02-13 14:08:04.719444
Sales Invoice,Accounts Manager,1,1,1,0,0,0,0,0,0,0,0,0,0,0,0,2026-02-13 14:08:04.719444
Sales Invoice,All,1,1,0,0,0,0,0,0,0,0,0,0,0,0,0,2026-02-13 14:08:04.719444
Sales Order,Maintenance User,0,1,1,1,1,1,1,1,1,0,0,1,1,1,0,2026-02-13 14:08:18.246964
Sales Order,Accounts User,0,1,0,0,0,0,0,0,0,0,0,0,1,1,0,2026-02-13 14:08:18.246964
Sales Order,Sales Manager,0,1,1,1,1,1,1,1,1,1,1,1,1,1,0,2026-02-13 14:08:18.246964
Sales Order,Sales User,0,1,1,1,1,1,1,1,1,0,0,1,1,1,0,2026-02-13 14:08:18.246964
Sales Order,Stock User,0,1,0,0,0,0,0,0,1,0,0,0,0,0,0,2026-02-13 14:08:18.246964
Sales Order,Sales Manager,1,1,1,0,0,0,0,0,0,0,0,0,0,0,0,2026-02-13 14:08:18.246964
Sales Partner,Sales Manager,0,1,0,0,0,0,0,0,1,0,0,0,1,1,0,2026-02-13 14:08:21.189068
Sales Partner,Sales User,0,1,0,0,0,0,0,0,1,0,0,0,1,1,0,2026-02-13 14:08:21.189068
Sales Partner,Sales Master Manager,0,1,1,1,0,0,0,0,1,0,0,1,1,1,0,2026-02-13 14:08:21.189068
Sales Partner Type,System Manager,0,1,1,1,1,0,0,0,1,1,0,1,1,1,0,2026-02-13 14:08:18.060249
Sales Person,Sales Manager,0,1,0,0,0,0,0,0,1,0,0,0,1,1,0,2026-02-13 14:08:21.039315
Sales Person,Sales Master Manager,0,1,1,1,1,0,0,0,1,0,0,1,1,1,0,2026-02-13 14:08:21.039315
Sales Person,Sales User,0,1,0,0,0,0,0,0,1,0,0,0,1,1,0,2026-02-13 14:08:21.039315
Sales Stage,Sales Manager,0,1,1,1,1,0,0,0,1,1,0,1,1,1,0,2026-02-13 14:08:13.950862
Sales Taxes and Charges Template,Sales Master Manager,0,1,1,1,1,0,0,0,1,0,0,1,1,1,0,2026-02-13 14:08:11.488819
Sales Taxes and Charges Template,Sales User,0,1,0,0,0,0,0,0,1,0,0,0,1,1,0,2026-02-13 14:08:11.488819
Sales Taxes and Charges Template,Accounts Manager,0,1,1,1,1,0,0,0,1,0,0,1,1,1,0,2026-02-13 14:08:11.488819
Salutation,System Manager,0,1,1,1,1,0,0,0,1,1,0,1,1,1,0,2026-02-13 14:07:57.971766
Salutation,All,0,1,0,0,0,0,0,0,0,0,0,0,0,0,0,2026-02-13 14:07:57.971766
Salutation,Administrator,0,1,1,1,1,0,0,0,1,1,0,1,1,1,0,2026-02-13 14:07:57.971766
Scheduled Job Log,System Manager,0,1,1,1,1,0,0,0,1,1,0,1,1,1,0,2026-02-13 14:07:46.426187
Scheduled Job Type,System Manager,0,1,1,1,1,0,0,0,1,1,0,1,1,1,0,2026-02-13 14:07:49.872369
Scheduler Event,System Manager,0,1,1,1,1,0,0,0,1,1,0,1,1,1,0,2026-02-14 01:13:17.950891
Selling Settings,Sales Manager,0,1,1,1,0,0,0,0,0,0,0,1,1,1,0,2026-02-13 14:08:18.448853
Selling Settings,System Manager,0,1,1,1,0,0,0,0,0,0,0,1,1,1,0,2026-02-13 14:08:18.448853
Serial and Batch Bundle,Manufacturing Manager,0,1,1,1,1,1,1,0,1,1,0,1,1,1,0,2026-02-13 14:08:26.386130
Serial and Batch Bundle,Manufacturing User,0,1,1,1,1,1,1,0,1,1,0,1,1,1,0,2026-02-13 14:08:26.386130
Serial and Batch Bundle,Delivery User,0,1,1,1,1,1,1,0,1,1,0,1,1,1,0,2026-02-13 14:08:26.386130
Serial and Batch Bundle,Purchase Manager,0,1,1,1,1,1,1,0,1,1,0,1,1,1,0,2026-02-13 14:08:26.386130
Serial and Batch Bundle,Purchase User,0,1,1,1,1,1,1,0,1,1,0,1,1,1,0,2026-02-13 14:08:26.386130
Serial and Batch Bundle,Stock Manager,0,1,1,1,1,1,1,0,1,1,0,1,1,1,0,2026-02-13 14:08:26.386130
Serial and Batch Bundle,System Manager,0,1,1,1,1,1,1,0,1,1,0,1,1,1,0,2026-02-13 14:08:26.386130
Serial and Batch Bundle,Delivery Manager,0,1,1,1,1,1,1,0,1,1,0,1,1,1,0,2026-02-13 14:08:26.386130
Serial and Batch Bundle,Stock User,0,1,1,1,1,1,1,0,1,1,0,1,1,1,0,2026-02-13 14:08:26.386130
Serial No,Item Manager,0,1,1,1,1,0,0,0,1,0,0,1,1,1,0,2026-02-13 14:08:26.124550
Serial No,Stock User,0,1,0,0,0,0,0,0,1,0,0,0,1,1,0,2026-02-13 14:08:26.124550
Serial No,Stock Manager,0,1,1,1,1,0,0,0,1,1,1,0,1,1,0,2026-02-13 14:08:26.124550
Server Script,Script Manager,0,1,1,1,1,0,0,0,1,1,0,1,1,1,0,2026-02-13 14:07:46.140007
Service Level Agreement,Desk User,0,1,0,0,0,0,0,0,0,0,0,0,0,0,0,2026-02-13 14:08:31.325024
Service Level Agreement,System Manager,0,1,1,1,1,0,0,0,1,1,0,1,1,1,0,2026-02-13 14:08:31.325024
Session Default Settings,System Manager,0,1,1,1,1,0,0,0,0,0,0,1,1,1,0,2026-02-13 14:07:47.893112
Share Transfer,Accounts User,0,1,1,1,1,0,0,0,1,1,0,1,1,1,0,2026-02-13 14:08:11.573865
Share Transfer,System Manager,0,1,1,1,1,1,1,1,1,1,0,1,1,1,0,2026-02-13 14:08:11.573865
Share Transfer,Accounts Manager,0,1,1,1,1,1,1,0,1,1,0,1,1,1,0,2026-02-13 14:08:11.573865
Share Type,Sales Master Manager,0,1,1,1,1,0,0,0,1,1,0,1,1,1,0,2026-02-13 14:08:02.023727
Share Type,Sales User,0,1,1,1,1,0,0,0,1,1,0,1,1,1,0,2026-02-13 14:08:02.023727
Share Type,Sales Manager,0,1,1,1,1,0,0,0,1,1,0,1,1,1,0,2026-02-13 14:08:02.023727
Share Type,System Manager,0,1,1,1,1,0,0,0,1,1,0,1,1,1,0,2026-02-13 14:08:02.023727
Share Type,Accounts User,0,1,1,1,1,0,0,0,1,1,0,1,1,1,0,2026-02-13 14:08:02.023727
Share Type,Accounts Manager,0,1,1,1,1,0,0,0,1,1,0,1,1,1,0,2026-02-13 14:08:02.023727
Shareholder,Accounts User,0,1,1,1,1,0,0,0,1,1,0,1,1,1,0,2026-02-13 14:08:05.406992
Shareholder,Accounts Manager,0,1,1,1,1,0,0,0,1,1,0,1,1,1,0,2026-02-13 14:08:05.406992
Shareholder,System Manager,0,1,1,1,1,0,0,0,1,1,0,1,1,1,0,2026-02-13 14:08:05.406992
Shipment,System Manager,0,1,1,1,1,1,1,0,1,1,0,1,1,1,0,2026-02-13 14:08:30.336678
Shipment,Stock Manager,0,1,1,1,1,1,1,0,1,1,0,1,1,1,0,2026-02-13 14:08:30.336678
Shipment Parcel Template,System Manager,0,1,1,1,1,0,0,0,1,1,0,1,1,1,0,2026-02-14 01:13:58.011704
Shipping Rule,Sales Master Manager,0,1,1,1,1,0,0,0,1,1,1,1,1,1,0,2026-02-13 14:08:12.143607
Shipping Rule,Accounts Manager,0,1,1,1,1,0,0,0,1,1,1,1,1,1,0,2026-02-13 14:08:12.143607
Shipping Rule,Accounts User,0,1,0,0,0,0,0,0,1,0,0,0,1,1,0,2026-02-13 14:08:12.143607
Shipping Rule,Sales User,0,1,0,0,0,0,0,0,1,0,0,0,1,1,0,2026-02-13 14:08:12.143607
Sidebar Item Group,System Manager,0,1,1,1,1,0,0,0,1,1,0,1,1,1,0,2026-02-13 14:07:55.555359
Site,QA Manager,0,1,0,0,0,0,0,0,0,0,0,0,0,0,0,2026-02-22 16:14:17.071074
Site,Agriculture Manager,0,1,1,1,0,0,0,0,0,0,0,0,0,0,0,2026-02-22 16:14:17.070847
Site,System Manager,0,1,1,1,0,0,0,0,0,0,0,0,0,0,0,2026-02-22 16:14:17.070602
Slack Webhook URL,System Manager,0,1,1,1,1,0,0,0,1,1,0,1,1,1,0,2026-02-13 14:07:56.746306
SMS Center,System Manager,0,1,1,1,0,0,0,0,0,0,0,1,0,0,0,2026-02-13 14:08:17.855563
SMS Log,System Manager,0,1,0,0,0,0,0,0,1,0,0,0,1,1,0,2026-02-13 14:07:47.842275
SMS Settings,System Manager,0,1,1,1,0,0,0,0,0,0,0,1,0,0,0,2026-02-13 14:07:49.793183
Social Login Key,System Manager,0,1,1,1,1,0,0,0,1,1,0,1,1,1,0,2026-02-13 14:07:56.825725
South Africa VAT Settings,Accounts User,0,1,1,1,1,0,0,0,1,1,0,1,1,1,0,2026-02-13 14:08:33.744615
South Africa VAT Settings,Auditor,0,1,0,0,0,0,0,0,1,1,0,1,1,1,0,2026-02-13 14:08:33.744615
South Africa VAT Settings,Accounts Manager,0,1,1,1,1,0,0,0,1,1,0,1,1,1,0,2026-02-13 14:08:33.744615
Stock Closing Balance,Stock User,0,1,0,0,0,0,0,0,1,1,0,0,1,0,0,2026-02-13 14:08:27.072730
Stock Closing Balance,Accounts Manager,0,1,0,0,0,0,0,0,1,1,0,0,0,0,0,2026-02-13 14:08:27.072730
Stock Closing Entry,System Manager,0,1,1,1,1,1,1,1,1,1,0,1,1,1,0,2026-02-13 14:08:26.564419
Stock Closing Entry,Stock Manager,0,1,1,1,1,1,1,1,1,1,0,1,1,1,0,2026-02-13 14:08:26.564419
Stock Closing Entry,Stock User,0,1,1,1,1,1,1,1,1,1,0,1,1,1,0,2026-02-13 14:08:26.564419
Stock Entry,Manufacturing Manager,0,1,1,1,1,1,1,1,1,0,0,1,1,1,0,2026-02-14 01:13:58.054498
Stock Entry,Stock User,0,1,1,1,1,1,1,1,1,0,0,1,1,1,0,2026-02-14 01:13:58.054498
Stock Entry,Stock Manager,0,1,1,1,1,1,1,1,1,1,1,1,1,1,0,2026-02-14 01:13:58.054498
Stock Entry,Manufacturing User,0,1,1,1,1,1,1,1,1,0,0,1,1,1,0,2026-02-14 01:13:58.054498
Stock Entry Type,System Manager,0,1,1,1,1,0,0,0,1,1,0,1,1,1,0,2026-02-13 14:08:29.616070
Stock Entry Type,Manufacturing Manager,0,1,1,1,1,0,0,0,1,1,0,1,1,1,0,2026-02-13 14:08:29.616070
Stock Entry Type,Stock User,0,1,0,0,0,0,0,0,0,0,0,0,0,0,0,2026-02-13 14:08:29.616070
Stock Entry Type,Stock Manager,0,1,1,1,1,0,0,0,1,1,0,1,1,1,0,2026-02-13 14:08:29.616070
Stock Ledger Entry,Stock User,0,1,0,0,0,0,0,0,1,1,0,0,1,0,0,2026-02-13 14:08:25.155590
Stock Ledger Entry,Accounts Manager,0,1,0,0,0,0,0,0,1,1,0,0,0,0,0,2026-02-13 14:08:25.155590
Stock Reconciliation,Stock Manager,0,1,1,1,1,1,1,1,1,0,0,1,0,0,0,2026-02-13 14:08:29.974164
Stock Reposting Settings,System Manager,0,1,1,1,1,0,0,0,0,0,0,1,1,1,0,2026-02-13 14:08:25.006840
Stock Reservation Entry,Purchase User,0,1,1,1,1,1,1,0,1,1,0,1,1,1,0,2026-02-13 14:08:28.727560
Stock Reservation Entry,Sales User,0,1,1,1,1,1,1,0,1,1,0,1,1,1,0,2026-02-13 14:08:28.727560
Stock Reservation Entry,Stock Manager,0,1,1,1,1,1,1,0,1,1,0,1,1,1,0,2026-02-13 14:08:28.727560
Stock Reservation Entry,Stock User,0,1,1,1,1,1,1,0,1,1,0,1,1,1,0,2026-02-13 14:08:28.727560
Stock Reservation Entry,Sales Manager,0,1,1,1,1,1,1,0,1,1,0,1,1,1,0,2026-02-13 14:08:28.727560
Stock Reservation Entry,Purchase Manager,0,1,1,1,1,1,1,0,1,1,0,1,1,1,0,2026-02-13 14:08:28.727560
Stock Reservation Entry,System Manager,0,1,1,1,1,1,1,0,1,1,0,1,1,1,0,2026-02-13 14:08:28.727560
Stock Settings,Sales User,0,1,0,0,0,0,0,0,0,0,0,0,0,0,0,2026-02-13 14:08:28.674825
Stock Settings,Stock Manager,0,1,1,1,0,0,0,0,0,0,0,1,1,1,0,2026-02-13 14:08:28.674825
Subcontracting BOM,System Manager,0,1,1,1,1,0,0,0,1,1,0,1,1,1,0,2026-02-13 14:08:35.725901
Subcontracting Inward Order,Sales User,0,1,1,1,1,1,1,0,1,1,0,1,1,1,0,2026-02-13 14:08:35.381396
Subcontracting Inward Order,Sales Manager,0,1,1,1,1,1,1,0,1,1,0,1,1,1,0,2026-02-13 14:08:35.381396
Subcontracting Inward Order,Stock User,0,1,0,0,0,0,0,0,1,1,0,1,1,1,0,2026-02-13 14:08:35.381396
Subcontracting Inward Order,Sales Manager,1,1,1,0,0,0,0,0,1,1,0,1,1,1,0,2026-02-13 14:08:35.381396
Subcontracting Order,Purchase Manager,0,1,1,1,1,1,1,1,1,0,0,1,1,1,0,2026-02-13 14:08:36.055722
Subcontracting Order,Stock User,0,1,0,0,0,0,0,0,1,0,0,0,0,0,0,2026-02-13 14:08:36.055722
Subcontracting Order,Purchase User,0,1,1,1,1,1,1,1,1,0,0,1,1,1,0,2026-02-13 14:08:36.055722
Subcontracting Order,Purchase Manager,1,1,1,0,0,0,0,0,0,0,0,0,0,0,0,2026-02-13 14:08:36.055722
Subcontracting Receipt,Accounts User,0,1,0,0,0,0,0,0,1,0,0,0,0,0,0,2026-02-13 14:08:35.782362
Subcontracting Receipt,Stock User,0,1,1,1,1,1,1,1,1,0,0,1,1,1,0,2026-02-13 14:08:35.782362
Subcontracting Receipt,Stock Manager,0,1,1,1,1,1,1,1,1,0,0,1,1,1,0,2026-02-13 14:08:35.782362
Subcontracting Receipt,Purchase User,0,1,1,1,1,1,1,1,1,0,0,1,1,1,0,2026-02-13 14:08:35.782362
Subcontracting Receipt,Stock Manager,1,1,1,0,0,0,0,0,0,0,0,0,0,0,0,2026-02-13 14:08:35.782362
Submission Queue,Desk User,0,1,0,0,0,0,0,0,0,0,0,0,0,0,1,2026-02-13 14:07:48.103968
Submission Queue,System Manager,0,1,0,0,0,0,0,0,1,1,0,1,1,1,0,2026-02-13 14:07:48.103968
Subscription,Accounts Manager,0,1,1,1,1,0,0,0,1,1,0,1,1,1,0,2026-02-13 14:08:11.392756
Subscription,System Manager,0,1,1,1,1,0,0,0,1,1,0,1,1,1,0,2026-02-13 14:08:11.392756
Subscription,Accounts User,0,1,1,1,1,0,0,0,1,1,0,1,1,1,0,2026-02-13 14:08:11.392756
Subscription Plan,Accounts User,0,1,1,1,1,0,0,0,1,1,0,1,1,1,0,2026-02-13 14:08:02.315641
Subscription Plan,System Manager,0,1,1,1,1,0,0,0,1,1,0,1,1,1,0,2026-02-13 14:08:02.315641
Subscription Plan,Accounts Manager,0,1,1,1,1,0,0,0,1,1,0,1,1,1,0,2026-02-13 14:08:02.315641
Subscription Settings,Accounts Manager,0,1,1,1,1,0,0,0,0,0,0,1,1,1,0,2026-02-13 14:08:12.031825
Subscription Settings,Accounts User,0,1,1,1,1,0,0,0,0,0,0,1,1,1,0,2026-02-13 14:08:12.031825
Subscription Settings,System Manager,0,1,1,1,1,0,0,0,0,0,0,1,1,1,0,2026-02-13 14:08:12.031825
Success Action,System Manager,0,1,1,1,1,0,0,0,1,1,0,1,1,1,0,2026-02-13 14:07:47.704540
Supplier,Accounts User,0,1,0,0,0,0,0,0,0,0,0,0,0,0,0,2026-02-13 14:08:16.243580
Supplier,Purchase User,0,1,0,0,0,0,0,0,1,0,0,0,1,1,0,2026-02-13 14:08:16.243580
Supplier,Accounts Manager,0,1,0,0,0,0,0,0,1,0,0,0,1,1,0,2026-02-13 14:08:16.243580
Supplier,Purchase Manager,0,1,1,0,0,0,0,0,1,0,0,0,1,1,0,2026-02-13 14:08:16.243580
Supplier,Stock User,0,1,0,0,0,0,0,0,0,0,0,0,0,0,0,2026-02-13 14:08:16.243580
Supplier,Purchase Master Manager,0,1,1,1,1,0,0,0,1,1,1,1,1,1,0,2026-02-13 14:08:16.243580
Supplier,Stock Manager,0,1,0,0,0,0,0,0,1,0,0,0,1,1,0,2026-02-13 14:08:16.243580
Supplier Group,Purchase User,0,1,0,0,0,0,0,0,1,0,0,0,1,1,0,2026-02-13 14:08:19.585255
Supplier Group,Purchase Manager,0,1,0,0,0,0,0,0,1,0,0,0,1,1,0,2026-02-13 14:08:19.585255
Supplier Group,Accounts User,0,1,0,0,0,0,0,0,1,0,0,1,1,1,0,2026-02-13 14:08:19.585255
Supplier Group,Purchase Master Manager,0,1,1,1,1,0,0,0,1,1,1,1,1,1,0,2026-02-13 14:08:19.585255
Supplier Group,Purchase Manager,1,1,0,0,0,0,0,0,0,0,0,0,0,0,0,2026-02-13 14:08:19.585255
Supplier Group,Purchase Master Manager,1,1,1,0,0,0,0,0,0,0,0,0,0,0,0,2026-02-13 14:08:19.585255
Supplier Group,Purchase User,1,1,0,0,0,0,0,0,0,0,0,0,0,0,0,2026-02-13 14:08:19.585255
Supplier Quotation,Purchase User,0,1,1,1,0,1,0,1,1,0,0,1,1,1,0,2026-02-13 14:08:15.149088
Supplier Quotation,Stock User,0,1,0,0,0,0,0,0,1,0,0,0,1,1,0,2026-02-13 14:08:15.149088
Supplier Quotation,Manufacturing Manager,0,1,1,1,1,1,1,1,1,0,0,1,1,1,0,2026-02-13 14:08:15.149088
Supplier Quotation,Purchase Manager,0,1,1,1,1,1,1,1,1,0,0,1,1,1,0,2026-02-13 14:08:15.149088
Supplier Quotation,Purchase Manager,1,1,1,0,0,0,0,0,0,0,0,0,0,0,0,2026-02-13 14:08:15.149088
Supplier Scorecard,System Manager,0,1,1,1,1,0,0,0,1,1,0,1,1,1,0,2026-02-13 14:08:16.176670
Supplier Scorecard Criteria,System Manager,0,1,1,1,1,0,0,0,1,1,0,1,1,1,0,2026-02-13 14:08:15.668246
Supplier Scorecard Period,System Manager,0,1,1,1,1,1,1,0,1,1,0,1,1,1,0,2026-02-13 14:08:14.838124
Supplier Scorecard Standing,System Manager,0,1,1,1,1,0,0,0,1,1,0,1,1,1,0,2026-02-13 14:08:15.944025
Supplier Scorecard Variable,System Manager,0,1,1,1,1,0,0,0,1,1,0,1,1,1,0,2026-02-13 14:08:14.896012
Support Settings,System Manager,0,1,1,1,1,0,0,0,0,0,0,1,1,1,0,2026-02-13 14:08:30.986069
System Console,Administrator,0,1,1,0,0,0,0,0,0,0,0,1,1,1,0,2026-02-13 14:07:54.643951
System Health Report,System Manager,0,1,0,0,0,0,0,0,0,0,0,0,1,0,0,2026-02-13 14:07:55.241470
System Settings,System Manager,0,1,1,1,0,0,0,0,0,0,0,1,0,0,0,2026-02-13 14:07:48.152637
Tag,System Manager,0,1,1,1,1,0,0,0,1,1,0,1,1,1,0,2026-02-13 14:07:55.519526
Tag,All,0,1,1,1,0,0,0,0,1,1,0,1,1,1,0,2026-02-13 14:07:55.519526
Tag Link,All,0,1,1,1,0,0,0,0,1,1,0,1,1,1,0,2026-02-13 14:07:54.585506
Tag Link,System Manager,0,1,1,1,1,0,0,0,1,1,0,1,1,1,0,2026-02-13 14:07:54.585506
Task,Projects User,0,1,1,1,1,0,0,0,1,0,0,1,1,1,0,2026-02-13 14:08:16.987714
Task Type,Projects User,0,1,0,0,0,0,0,0,1,1,0,1,1,1,0,2026-02-13 14:08:17.347287
Task Type,System Manager,0,1,1,1,1,0,0,0,1,1,0,1,1,1,0,2026-02-13 14:08:17.347287
Task Type,Projects Manager,0,1,1,1,1,0,0,0,1,1,0,1,1,1,0,2026-02-13 14:08:17.347287
Tax Category,Accounts User,0,1,0,0,0,0,0,0,1,1,0,1,1,1,0,2026-02-13 14:08:02.728394
Tax Category,Accounts Manager,0,1,1,1,1,0,0,0,1,1,0,1,1,1,0,2026-02-13 14:08:02.728394
Tax Category,System Manager,0,1,1,1,1,0,0,0,1,1,0,1,1,1,0,2026-02-13 14:08:02.728394
Tax Rule,Accounts Manager,0,1,1,1,1,0,0,0,1,1,0,1,1,1,0,2026-02-13 14:08:08.525943
Tax Withholding Category,Accounts User,0,1,1,1,1,0,0,0,1,1,0,1,1,1,0,2026-02-13 14:08:09.065871
Tax Withholding Category,Accounts Manager,0,1,1,1,1,0,0,0,1,1,0,1,1,1,0,2026-02-13 14:08:09.065871
Tax Withholding Category,System Manager,0,1,1,1,1,0,0,0,1,1,0,1,1,1,0,2026-02-13 14:08:09.065871
Tax Withholding Group,System Manager,0,1,1,1,1,0,0,0,1,1,0,1,1,1,0,2026-02-14 01:13:42.935983
Telephony Call Type,System Manager,0,1,1,1,1,0,0,0,1,1,0,1,1,1,0,2026-02-13 14:08:35.193791
Terms and Conditions,Accounts User,0,1,1,1,1,0,0,0,1,0,0,1,1,1,0,2026-02-13 14:08:19.709420
Terms and Conditions,Sales Master Manager,0,1,1,1,1,0,0,0,1,1,1,1,1,1,0,2026-02-13 14:08:19.709420
Terms and Conditions,Sales User,0,1,0,0,0,0,0,0,0,0,0,0,0,0,0,2026-02-13 14:08:19.709420
Terms and Conditions,Purchase User,0,1,0,0,0,0,0,0,0,0,0,0,0,0,0,2026-02-13 14:08:19.709420
Terms and Conditions,Stock User,0,1,0,0,0,0,0,0,0,0,0,0,0,0,0,2026-02-13 14:08:19.709420
Terms and Conditions,System Manager,0,1,1,1,1,0,0,0,1,0,0,1,1,1,0,2026-02-13 14:08:19.709420
Territory,Sales Manager,0,1,0,0,0,0,0,0,1,0,0,0,1,1,0,2026-02-13 14:08:20.476215
Territory,Sales Master Manager,0,1,1,1,1,0,0,0,1,1,1,1,1,1,0,2026-02-13 14:08:20.476215
Territory,Maintenance User,0,1,0,0,0,0,0,0,0,0,0,0,0,0,0,2026-02-13 14:08:20.476215
Territory,Accounts User,0,1,0,0,0,0,0,0,1,0,0,1,1,1,0,2026-02-13 14:08:20.476215
Territory,Customer,0,0,0,0,0,0,0,0,1,1,0,1,1,1,0,2026-02-13 14:08:20.476215
Territory,Sales User,0,1,0,0,0,0,0,0,1,0,0,0,1,1,0,2026-02-13 14:08:20.476215
Territory,Stock User,0,1,0,0,0,0,0,0,0,0,0,0,0,0,0,2026-02-13 14:08:20.476215
Timesheet,HR User,0,1,1,1,1,1,1,1,1,1,0,1,1,1,0,2026-02-13 14:08:17.271471
Timesheet,Employee,0,1,1,1,0,0,0,0,0,0,0,0,0,0,0,2026-02-13 14:08:17.271471
Timesheet,Projects User,0,1,1,1,1,1,1,1,1,0,0,1,1,1,0,2026-02-13 14:08:17.271471
Timesheet,Manufacturing User,0,1,1,1,1,1,1,1,1,1,0,1,1,1,0,2026-02-13 14:08:17.271471
Timesheet,Accounts User,0,1,1,1,1,1,1,1,1,0,0,0,0,1,0,2026-02-13 14:08:17.271471
Timesheet,Accounts User,1,1,1,0,0,0,0,0,0,0,0,0,0,0,0,2026-02-13 14:08:17.271471
ToDo,All,0,1,1,1,1,0,0,0,1,0,0,1,1,1,0,2026-02-13 14:07:54.484603
ToDo,System Manager,0,1,1,1,0,0,0,0,1,1,0,1,1,1,0,2026-02-13 14:07:54.484603
Token Cache,System Manager,0,1,0,0,1,0,0,0,0,0,0,0,0,0,0,2026-02-13 14:07:55.723636
Token Cache,All,0,1,0,0,1,0,0,0,0,0,0,0,0,0,1,2026-02-13 14:07:55.723636
Transaction Deletion Record,System Manager,0,1,1,1,1,1,0,0,1,1,0,1,1,1,0,2026-02-13 14:08:20.727483
Translation,Translator,0,1,1,1,1,0,0,0,1,1,0,1,1,1,0,2026-02-13 14:07:46.579840
Translation,System Manager,0,1,1,1,1,0,0,0,1,1,0,1,1,1,0,2026-02-13 14:07:46.579840
Unhandled Email,System Manager,0,1,0,0,0,0,0,0,0,0,0,0,0,0,0,2026-02-13 14:07:53.603846
Unreconcile Payment,Accounts User,0,1,1,1,1,1,0,0,0,0,0,1,0,0,0,2026-02-13 14:08:02.118148
Unreconcile Payment,Accounts Manager,0,1,1,1,1,1,0,0,0,0,0,1,0,0,0,2026-02-13 14:08:02.118148
UOM,Sales Manager,0,1,0,0,0,0,0,0,1,1,0,1,1,1,0,2026-02-13 14:08:20.657681
UOM,Stock Manager,0,1,0,0,0,0,0,0,1,0,0,0,1,1,0,2026-02-13 14:08:20.657681
UOM,Item Manager,0,1,1,1,1,0,0,0,1,1,1,1,1,1,0,2026-02-13 14:08:20.657681
UOM,Stock User,0,1,0,0,0,0,0,0,1,0,0,0,1,1,0,2026-02-13 14:08:20.657681
UOM,Sales User,0,1,0,0,0,0,0,0,1,1,0,1,1,1,0,2026-02-13 14:08:20.657681
UOM Category,System Manager,0,1,1,1,1,0,0,0,1,1,0,1,1,1,0,2026-02-13 14:08:25.985047
UOM Conversion Factor,System Manager,0,1,1,1,1,0,0,0,1,1,0,1,1,1,0,2026-02-13 14:08:20.178605
User,System Manager,0,1,1,1,1,0,0,0,1,1,1,1,1,1,0,2026-02-13 14:07:44.095578
User,Desk User,0,0,0,0,0,0,0,0,0,0,0,0,0,0,0,2026-02-13 14:07:44.095578
User,System Manager,1,1,1,0,0,0,0,0,0,0,0,0,0,0,0,2026-02-13 14:07:44.095578
User Group,Desk User,0,1,0,0,0,0,0,0,0,0,0,0,0,0,0,2026-02-13 14:07:50.035560
User Group,System Manager,0,1,1,1,1,0,0,0,1,1,0,1,1,1,0,2026-02-13 14:07:50.035560
User Invitation,System Manager,0,1,1,1,0,0,0,0,1,1,0,1,1,1,0,2026-02-13 14:07:49.995052
User Permission,System Manager,0,1,1,1,1,0,0,0,1,1,0,1,1,1,0,2026-02-14 01:13:17.993453
User Type,Administrator,0,1,1,1,0,0,0,0,1,1,0,1,1,1,0,2026-02-13 14:07:46.968185
User Type,System Manager,0,1,1,0,0,0,0,0,1,1,0,1,1,1,0,2026-02-13 14:07:46.968185
UTM Campaign,System Manager,0,1,1,1,1,0,0,0,1,1,0,1,1,1,0,2026-02-13 14:07:51.672686
UTM Campaign,Newsletter Manager,0,1,1,1,1,0,0,0,1,1,0,1,1,1,0,2026-02-13 14:07:51.672686
UTM Campaign,Marketing Manager,0,1,1,1,1,0,0,0,1,1,0,1,1,1,0,2026-02-13 14:07:51.672686
UTM Campaign,Desk User,0,0,0,0,0,0,0,0,0,0,0,0,0,0,0,2026-02-13 14:07:51.672686
UTM Medium,Desk User,0,0,0,0,0,0,0,0,1,1,0,1,1,1,0,2026-02-13 14:07:51.920256
UTM Medium,System Manager,0,1,1,1,1,0,0,0,1,1,0,1,1,1,0,2026-02-13 14:07:51.920256
UTM Medium,Marketing Manager,0,1,1,1,1,0,0,0,1,1,0,1,1,1,0,2026-02-13 14:07:51.920256
UTM Source,Desk User,0,0,0,0,0,0,0,0,1,1,0,1,1,1,0,2026-02-13 14:07:50.742509
UTM Source,Marketing Manager,0,1,1,1,1,0,0,0,1,1,0,1,1,1,0,2026-02-13 14:07:50.742509
UTM Source,System Manager,0,1,1,1,1,0,0,0,1,1,0,1,1,1,0,2026-02-13 14:07:50.742509
Vehicle,Delivery User,0,1,0,0,0,0,0,0,1,0,0,0,1,0,0,2026-02-13 14:08:19.227116
Vehicle,Delivery Manager,0,1,1,0,0,0,0,0,1,1,0,1,1,1,0,2026-02-13 14:08:19.227116
Vehicle,Fleet Manager,0,1,1,1,1,0,0,0,1,1,0,1,1,1,0,2026-02-13 14:08:19.227116
Version,Administrator,0,1,0,0,1,0,0,0,0,0,0,0,0,0,0,2026-02-13 14:07:50.144157
Version,System Manager,0,1,0,0,0,0,0,0,1,1,0,0,0,0,0,2026-02-13 14:07:50.144157
Video,All,0,1,1,1,1,0,0,0,1,1,0,1,1,1,1,2026-02-13 14:08:31.538826
Video,System Manager,0,1,1,1,1,0,0,0,1,1,0,1,1,1,0,2026-02-13 14:08:31.538826
Video Settings,System Manager,0,1,1,1,1,0,0,0,0,0,0,1,1,1,0,2026-02-13 14:08:31.682075
View Log,System Manager,0,1,0,0,0,0,0,0,1,1,0,1,1,1,0,2026-02-13 14:07:50.294461
Voice Call Settings,System Manager,0,1,1,1,1,0,0,0,1,1,0,1,1,1,0,2026-02-13 14:08:35.104020
Voice Call Settings,All,0,1,1,1,1,0,0,0,1,1,0,1,1,1,0,2026-02-13 14:08:35.104020
Voice Call Settings,System Manager,1,1,1,0,1,0,0,0,1,1,0,1,1,1,0,2026-02-13 14:08:35.104020
Voice Call Settings,All,2,1,0,0,0,0,0,0,1,1,0,1,1,1,0,2026-02-13 14:08:35.104020
Voice Call Settings,System Manager,2,1,1,0,1,0,0,0,1,1,0,1,1,1,0,2026-02-13 14:08:35.104020
Warehouse,Manufacturing User,0,1,0,0,0,0,0,0,0,0,0,0,0,0,0,2026-02-13 14:08:27.279323
Warehouse,Stock User,0,1,0,0,0,0,0,0,1,0,0,0,1,1,0,2026-02-13 14:08:27.279323
Warehouse,Item Manager,0,1,1,1,1,0,0,0,1,1,1,1,1,1,0,2026-02-13 14:08:27.279323
Warehouse,Purchase User,0,1,0,0,0,0,0,0,1,0,0,0,1,1,0,2026-02-13 14:08:27.279323
Warehouse,Sales User,0,1,0,0,0,0,0,0,1,0,0,0,1,1,0,2026-02-13 14:08:27.279323
Warehouse,Accounts User,0,1,0,0,0,0,0,0,1,0,0,0,1,1,0,2026-02-13 14:08:27.279323
Warehouse Type,Stock Manager,0,1,1,1,1,0,0,0,1,1,0,1,1,1,0,2026-02-13 14:08:26.640062
Warehouse Type,Item Manager,0,1,1,1,1,0,0,0,1,1,0,1,1,1,0,2026-02-13 14:08:26.640062
Warehouse Type,Sales User,0,1,0,0,0,0,0,0,1,1,0,1,1,1,0,2026-02-13 14:08:26.640062
Warehouse Type,Purchase User,0,1,0,0,0,0,0,0,1,1,0,1,1,1,0,2026-02-13 14:08:26.640062
Warehouse Type,Manufacturing User,0,1,0,0,0,0,0,0,1,1,0,1,1,1,0,2026-02-13 14:08:26.640062
Warehouse Type,Stock User,0,1,0,0,0,0,0,0,1,1,0,1,1,1,0,2026-02-13 14:08:26.640062
Warehouse Type,Accounts User,0,1,0,0,0,0,0,0,1,1,0,1,1,1,0,2026-02-13 14:08:26.640062
Warehouse Type,System Manager,0,1,1,1,1,0,0,0,1,1,0,1,1,1,0,2026-02-13 14:08:26.640062
Warranty Claim,Maintenance User,0,1,1,1,1,0,0,0,1,0,0,1,1,1,0,2026-02-13 14:08:31.015710
Web Form,Website Manager,0,1,1,1,1,0,0,0,1,0,0,1,0,0,0,2026-02-13 14:07:44.554451
Web Page,Website Manager,0,1,1,1,1,0,0,0,0,0,1,1,0,0,0,2026-02-13 14:07:45.818814
Web Page View,System Manager,0,1,1,1,1,0,0,0,1,1,0,1,1,1,0,2026-02-13 14:07:51.221322
Web Template,System Manager,0,1,1,1,1,0,0,0,1,1,0,1,1,1,0,2026-02-13 14:07:44.653772
Webhook,System Manager,0,1,1,1,1,0,0,0,1,1,0,1,1,1,0,2026-02-13 14:07:55.870990
Webhook Request Log,System Manager,0,1,1,1,1,0,0,0,1,1,0,1,1,1,0,2026-02-13 14:07:56.658295
Website Route Meta,System Manager,0,1,1,1,1,0,0,0,1,1,0,1,1,1,0,2026-02-13 14:07:51.277941
Website Script,Website Manager,0,1,1,1,0,0,0,0,0,0,0,1,1,1,0,2026-02-13 14:07:51.849474
Website Settings,Website Manager,0,1,1,1,0,0,0,0,0,0,0,1,1,1,0,2026-02-13 14:07:51.414369
Website Settings,All,1,1,0,0,0,0,0,0,0,0,0,0,0,0,0,2026-02-13 14:07:51.414369
Website Sidebar,Website Manager,0,1,1,1,1,0,0,0,1,1,0,1,1,1,0,2026-02-13 14:07:50.839793
Website Slideshow,Website Manager,0,1,1,1,1,0,0,0,1,0,0,1,1,1,0,2026-02-13 14:07:50.638885
Website Theme,Administrator,0,1,1,1,1,0,0,0,0,1,1,0,0,0,0,2026-02-13 14:07:45.890403
Website Theme,Website Manager,0,1,1,1,1,0,0,0,0,0,0,0,0,0,0,2026-02-13 14:07:45.890403
Work Order,Manufacturing User,0,1,1,1,1,1,1,1,1,1,1,1,1,1,0,2026-02-13 14:08:23.225587
Work Order,Stock User,0,1,0,0,0,0,0,0,1,0,0,0,0,0,0,2026-02-13 14:08:23.225587
Workflow,System Manager,0,1,1,1,1,0,0,0,0,0,0,1,1,1,0,2026-02-13 14:07:52.309542
Workflow Action,Desk User,0,1,0,0,1,0,0,0,0,0,0,0,0,0,0,2026-02-14 01:13:22.894595
Workflow Action Master,System Manager,0,1,1,1,1,0,0,0,0,0,0,1,1,1,0,2026-02-13 14:07:52.617554
Workflow State,Desk User,0,0,0,0,0,0,0,0,0,0,0,0,0,0,0,2026-02-13 14:07:52.540842
Workflow State,System Manager,0,1,1,1,1,0,0,0,0,0,0,1,1,1,0,2026-02-13 14:07:52.540842
Workflow Transition Tasks,System Manager,0,1,1,1,1,0,0,0,1,1,0,1,1,1,0,2026-02-13 14:07:52.582587
Workspace,Workspace Manager,0,1,1,1,1,0,0,0,1,1,0,1,1,1,0,2026-02-13 14:07:45.427114
Workspace,Desk User,0,1,1,1,1,0,0,0,1,1,0,1,1,1,0,2026-02-13 14:07:45.427114
Workspace Sidebar,Desk User,0,1,1,1,1,0,0,0,1,1,0,1,1,1,0,2026-02-13 14:07:45.499300
Workspace Sidebar,System Manager,0,1,1,1,1,0,0,0,1,1,0,1,1,1,0,2026-02-13 14:07:45.499300
Workstation,Manufacturing User,0,1,1,1,1,0,0,0,1,0,0,1,1,1,0,2026-02-13 14:08:23.995799
Workstation Operating Component,Manufacturing User,0,1,1,1,1,0,0,0,1,1,0,1,1,1,0,2026-02-13 14:08:23.445833
Workstation Operating Component,Manufacturing Manager,0,1,1,1,1,0,0,0,1,1,0,1,1,1,0,2026-02-13 14:08:23.445833
Workstation Operating Component,System Manager,0,1,1,1,1,0,0,0,1,1,0,1,1,1,0,2026-02-13 14:08:23.445833
Workstation Type,Manufacturing User,0,1,1,1,1,0,0,0,1,0,0,1,1,1,0,2026-02-13 14:08:22.698553
YAM Crop Variety,Agriculture Manager,0,1,1,1,0,0,0,0,0,0,0,0,0,0,0,2026-02-22 16:03:42.781753
YAM Crop Variety,QA Manager,0,1,0,0,0,0,0,0,0,0,0,0,0,0,0,2026-02-22 16:03:42.781982
YAM Crop Variety,System Manager,0,1,1,1,0,0,0,0,0,0,0,0,0,0,0,2026-02-22 16:03:42.781459
YAM Crop Variety Recommendation,Agriculture Manager,0,1,1,1,0,0,0,0,0,0,0,0,0,0,0,2026-02-22 16:03:42.863562
YAM Crop Variety Recommendation,QA Manager,0,1,0,0,0,0,0,0,0,0,0,0,0,0,0,2026-02-22 16:03:42.863738
YAM Crop Variety Recommendation,System Manager,0,1,1,1,0,0,0,0,0,0,0,0,0,0,0,2026-02-22 16:03:42.863326
YAM Plot,System Manager,0,1,1,1,0,0,0,0,0,0,0,0,0,0,0,2026-02-22 16:03:42.948402
YAM Plot,Agriculture Manager,0,1,1,1,0,0,0,0,0,0,0,0,0,0,0,2026-02-22 16:03:42.948595
YAM Plot Yield,Agriculture Manager,0,1,1,1,0,0,0,0,0,0,0,0,0,0,0,2026-02-22 16:03:43.012410
YAM Plot Yield,System Manager,0,1,1,1,0,0,0,0,0,0,0,0,0,0,0,2026-02-22 16:03:43.012143
YAM Soil Test,Agriculture Manager,0,1,1,1,0,0,0,0,0,0,0,0,0,0,0,2026-02-22 16:03:43.082126
YAM Soil Test,System Manager,0,1,1,1,0,0,0,0,0,0,0,0,0,0,0,2026-02-22 16:03:43.081983
