Idea ID,Stage,Primary user(s),Sub-domain,Description,AI Mode,Actionability,KPIs,Risks,Integrations / data sources,Column1
AGR-CEREAL-001,A,Farm owner; Agronomist,Crop/Variety Selection,"This backlog item targets Crop/Variety Selection in stage A, solving: Picking crop/variety per plot is inconsistent and ignores long-term soil and climate risk. It uses Optimization + Prediction and runs in Propose-only mode, measuring success via Margin/ha; Yield/ha; Rotation compliance and mitigating risks such as Wrong recommendation impacts season; needs explainability with integrations like GIS/field boundaries; soil tests; historical yields; weather/climate.",Optimization + Prediction,Propose-only,Margin/ha; Yield/ha; Rotation compliance,Wrong recommendation impacts season; needs explainability,GIS/field boundaries; soil tests; historical yields; weather/climate,A
AGR-CEREAL-002,A,Agronomist,Fertility Plan Optimization,"This backlog item targets Fertility Plan Optimization in stage A, solving: Fertility plans are generic and don’t reflect plot-level variability and nutrient carryover. It uses Optimization and runs in Propose-only mode, measuring success via Nutrient efficiency; Cost/ha; Yield stability and mitigating risks such as Over-application/environmental compliance risk with integrations like Soil lab data; past application logs; equipment maps.",Optimization,Propose-only,Nutrient efficiency; Cost/ha; Yield stability,Over-application/environmental compliance risk,Soil lab data; past application logs; equipment maps,#N/A
AGR-CEREAL-003,A,Farm manager,Planting Window Prediction,"This backlog item targets Planting Window Prediction in stage A, solving: Planting window decisions are gut-feel, causing rework and missed yield potential. It uses Prediction and runs in Propose-only mode, measuring success via On-time planting %; Yield delta; Replant rate and mitigating risks such as Forecast uncertainty must be communicated with integrations like Weather forecast; soil moisture; station data.",Prediction,Propose-only,On-time planting %; Yield delta; Replant rate,Forecast uncertainty must be communicated,Weather forecast; soil moisture; station data,#N/A
AGR-CEREAL-004,A,Sustainability/ESG lead,Planning Impact Simulation,"This backlog item targets Planning Impact Simulation in stage A, solving: Hard to quantify emissions, fertilizer impact, and soil health tradeoffs during planning. It uses Simulation and runs in Read-only mode, measuring success via CO2e/ton; Soil health proxy; Audit readiness and mitigating risks such as Model assumptions; needs audit trail with integrations like Inputs plan; fuel use; soil proxies; emission factors.",Simulation,Read-only,CO2e/ton; Soil health proxy; Audit readiness,Model assumptions; needs audit trail,Inputs plan; fuel use; soil proxies; emission factors,A
AGR-CEREAL-005,A,Co-op planner,Acreage Aggregation Forecast,"This backlog item targets Acreage Aggregation Forecast in stage A, solving: Aggregated acreage plans are late/inaccurate, breaking procurement and logistics. It uses Forecasting and runs in Read-only mode, measuring success via Acreage forecast error; Downstream stockouts and mitigating risks such as Incentives to misreport acreage with integrations like Member plans; satellite crop maps; historical change.",Forecasting,Read-only,Acreage forecast error; Downstream stockouts,Incentives to misreport acreage,Member plans; satellite crop maps; historical change,A
AGR-CEREAL-006,A,Farm finance,Budget Scenario Engine,"This backlog item targets Budget Scenario Engine in stage A, solving: Budgeting ignores input price volatility and alternative scenarios. It uses Simulation and runs in Read-only mode, measuring success via Budget variance; ROI accuracy and mitigating risks such as Market volatility; model risk with integrations like Price feeds; purchase history; acreage plans.",Simulation,Read-only,Budget variance; ROI accuracy,Market volatility; model risk,Price feeds; purchase history; acreage plans,#N/A
AGR-CEREAL-007,A,Water manager,Irrigation Feasibility & Plan,"This backlog item targets Irrigation Feasibility & Plan in stage A, solving: Irrigation feasibility is assessed too late, causing crop stress and cost overruns. It uses Optimization + Prediction and runs in Propose-only mode, measuring success via Water use efficiency; Stress days reduced and mitigating risks such as Water rights constraints with integrations like Irrigation system data; water rights; weather.",Optimization + Prediction,Propose-only,Water use efficiency; Stress days reduced,Water rights constraints,Irrigation system data; water rights; weather,#N/A
AGR-CEREAL-008,A,Agronomist,Disease-Resistant Variety Reco,"This backlog item targets Disease-Resistant Variety Reco in stage A, solving: Disease pressure history isn’t systematically used in variety selection. It uses Prediction and runs in Propose-only mode, measuring success via Disease incidence; Fungicide cost reduction and mitigating risks such as False confidence; must show evidence with integrations like Disease reports; variety traits; weather.",Prediction,Propose-only,Disease incidence; Fungicide cost reduction,False confidence; must show evidence,Disease reports; variety traits; weather,#N/A
AGR-CEREAL-009,A,Farm ops,Field Accessibility Risk,"This backlog item targets Field Accessibility Risk in stage A, solving: Field accessibility isn’t planned, delaying ops and damaging soil. It uses Prediction and runs in Propose-only mode, measuring success via Delay days; Compaction events and mitigating risks such as Sensor gaps; uncertainty UX needed with integrations like Soil moisture; rainfall; field history.",Prediction,Propose-only,Delay days; Compaction events,Sensor gaps; uncertainty UX needed,Soil moisture; rainfall; field history,A
AGR-CEREAL-010,A,Reg/Compliance,Geo-Regulatory Input Flags,"This backlog item targets Geo-Regulatory Input Flags in stage A, solving: Planning doesn’t flag restricted inputs or buffer-zone rules by geography. It uses RAG-docs + Rules and runs in Read-only mode, measuring success via Violations prevented; Audit pass rate and mitigating risks such as Regulatory updates; legal accountability with integrations like Reg docs; GIS layers; input catalog.",RAG-docs + Rules,Read-only,Violations prevented; Audit pass rate,Regulatory updates; legal accountability,Reg docs; GIS layers; input catalog,A
AGR-CEREAL-011,B,Procurement lead,Input Demand Forecast,"This backlog item targets Input Demand Forecast in stage B, solving: Input demand estimates drift from planting, causing overbuy/shortages. It uses Forecasting and runs in Propose-only mode, measuring success via Stockout %; Excess inventory $; Service level and mitigating risks such as Data latency; human override required with integrations like Crop plan; inventory; supplier lead times.",Forecasting,Propose-only,Stockout %; Excess inventory $; Service level,Data latency; human override required,Crop plan; inventory; supplier lead times,#N/A
AGR-CEREAL-012,B,Procurement,Supplier Risk Scoring,"This backlog item targets Supplier Risk Scoring in stage B, solving: Supplier selection ignores quality variance and counterfeit risk in seed/chemicals. It uses Risk scoring and runs in Propose-only mode, measuring success via Defect rate; Delivery reliability; Loss prevention and mitigating risks such as Supplier disputes; transparency required with integrations like Supplier history; inspections; claims.",Risk scoring,Propose-only,Defect rate; Delivery reliability; Loss prevention,Supplier disputes; transparency required,Supplier history; inspections; claims,#N/A
AGR-CEREAL-013,B,Finance,Forward Buying Scenarios,"This backlog item targets Forward Buying Scenarios in stage B, solving: Forward buying decisions aren’t tied to scenario outcomes (weather/yield/price). It uses Simulation and runs in Read-only mode, measuring success via Cost savings; Hedge effectiveness and mitigating risks such as Volatility; model risk with integrations like Price feeds; contracts; forecasts.",Simulation,Read-only,Cost savings; Hedge effectiveness,Volatility; model risk,Price feeds; contracts; forecasts,#N/A
AGR-CEREAL-014,B,Warehouse manager,Receiving Match Automation,"This backlog item targets Receiving Match Automation in stage B, solving: Receiving is manual; mismatches and expired lots slip through. It uses Document AI + Anomaly and runs in Execute-with-approval mode, measuring success via Receiving cycle time; Mismatch rate; Expiry incidents and mitigating risks such as Incorrect auto-matches with integrations like PO/ERP; barcode/RFID; invoices.",Document AI + Anomaly,Execute-with-approval,Receiving cycle time; Mismatch rate; Expiry incidents,Incorrect auto-matches,PO/ERP; barcode/RFID; invoices,B
AGR-CEREAL-015,B,Compliance,SDS & Restricted Use Validation,"This backlog item targets SDS & Restricted Use Validation in stage B, solving: Safety data sheets and restricted-use rules aren’t validated at purchase time. It uses RAG-docs and runs in Read-only mode, measuring success via Violations prevented; Audit readiness and mitigating risks such as Outdated documents with integrations like SDS repository; product catalog.",RAG-docs,Read-only,Violations prevented; Audit readiness,Outdated documents,SDS repository; product catalog,#N/A
AGR-CEREAL-016,B,Ops lead,Deliveries vs Field Schedule,"This backlog item targets Deliveries vs Field Schedule in stage B, solving: Delivery schedules aren’t coordinated with field operations timing. It uses Optimization and runs in Propose-only mode, measuring success via Idle time; Missed windows and mitigating risks such as Supplier constraints with integrations like Ops plan; supplier ETAs; fleet availability.",Optimization,Propose-only,Idle time; Missed windows,Supplier constraints,Ops plan; supplier ETAs; fleet availability,#N/A
AGR-CEREAL-017,B,Procurement,RFQ Comparison Copilot,"This backlog item targets RFQ Comparison Copilot in stage B, solving: RFQ comparison is slow and inconsistent (terms, quality clauses, penalties). It uses Copilot and runs in Propose-only mode, measuring success via Cycle time; Contract quality; Savings and mitigating risks such as Legal review needed with integrations like Email; contract templates; vendor portal.",Copilot,Propose-only,Cycle time; Contract quality; Savings,Legal review needed,Email; contract templates; vendor portal,#N/A
AGR-CEREAL-018,B,Co-op ops,Fair Input Allocation,"This backlog item targets Fair Input Allocation in stage B, solving: Allocation of limited inputs lacks fairness and yield impact awareness. It uses Optimization and runs in Propose-only mode, measuring success via Allocation satisfaction; Yield loss avoided and mitigating risks such as Governance; explainability mandatory with integrations like Member acreage; inventory; policy rules.",Optimization,Propose-only,Allocation satisfaction; Yield loss avoided,Governance; explainability mandatory,Member acreage; inventory; policy rules,B
AGR-CEREAL-019,C,Equipment operator,Planter Calibration Anomaly,"This backlog item targets Planter Calibration Anomaly in stage C, solving: Planter calibration errors cause uneven emergence and yield loss. It uses Anomaly detection and runs in Execute-with-approval mode, measuring success via Emergence uniformity; Replant %; Yield delta and mitigating risks such as Sensor quality with integrations like Equipment telemetry; task logs.",Anomaly detection,Execute-with-approval,Emergence uniformity; Replant %; Yield delta,Sensor quality,Equipment telemetry; task logs,#N/A
AGR-CEREAL-020,C,Farm manager,Work Orders & Notes Copilot,"This backlog item targets Work Orders & Notes Copilot in stage C, solving: Work orders are incomplete and field notes are lost, breaking traceability. It uses Copilot and runs in Propose-only mode, measuring success via Documentation completeness; Audit pass rate and mitigating risks such as Adoption risk with integrations like Mobile app; ERP/work orders.",Copilot,Propose-only,Documentation completeness; Audit pass rate,Adoption risk,Mobile app; ERP/work orders,C
AGR-CEREAL-021,C,Scheduler,Crew & Machine Scheduling,"This backlog item targets Crew & Machine Scheduling in stage C, solving: Scheduling is reactive, causing idle time and overtime. It uses Optimization and runs in Propose-only mode, measuring success via Utilization; Overtime; On-time ops % and mitigating risks such as Labor constraints with integrations like HR schedules; equipment availability.",Optimization,Propose-only,Utilization; Overtime; On-time ops %,Labor constraints,HR schedules; equipment availability,#N/A
AGR-CEREAL-022,C,Farm manager,Compaction Risk Advisor,"This backlog item targets Compaction Risk Advisor in stage C, solving: Field access ignores compaction and rut damage risk. It uses Prediction and runs in Propose-only mode, measuring success via Soil damage events; Delay days and mitigating risks such as Uncertainty must be visible with integrations like Soil moisture; rainfall; maps.",Prediction,Propose-only,Soil damage events; Delay days,Uncertainty must be visible,Soil moisture; rainfall; maps,C
AGR-CEREAL-023,C,Ops,Fuel/Parts Stock Forecast,"This backlog item targets Fuel/Parts Stock Forecast in stage C, solving: Fuel and parts availability cause mid-operation stoppages. It uses Forecasting and runs in Propose-only mode, measuring success via Downtime; Emergency purchases and mitigating risks such as Inventory accuracy with integrations like Inventory; telemetry; maintenance logs.",Forecasting,Propose-only,Downtime; Emergency purchases,Inventory accuracy,Inventory; telemetry; maintenance logs,#N/A
AGR-CEREAL-024,C,Quality/traceability,Seed Lot Capture,"This backlog item targets Seed Lot Capture in stage C, solving: Lot identity at planting isn’t captured consistently, breaking provenance. It uses Workflow automation and runs in Execute-with-approval mode, measuring success via Traceability completeness; Recall time reduction and mitigating risks such as Data entry errors with integrations like Seed lot scans; field task records.",Workflow automation,Execute-with-approval,Traceability completeness; Recall time reduction,Data entry errors,Seed lot scans; field task records,C
AGR-CEREAL-025,C,Agronomist,Stand Count via Vision,"This backlog item targets Stand Count via Vision in stage C, solving: Stand count checks are manual and late. It uses Vision and runs in Read-only mode, measuring success via Detection speed; Replant decision accuracy and mitigating risks such as Bias across stages with integrations like Drone/phone images; field IDs.",Vision,Read-only,Detection speed; Replant decision accuracy,Bias across stages,Drone/phone images; field IDs,#N/A
AGR-CEREAL-026,C,Ops,Deviation Impact Analytics,"This backlog item targets Deviation Impact Analytics in stage C, solving: Deviations from plan aren’t quantified into cost/yield impact. It uses Analytics copilot and runs in Read-only mode, measuring success via Variance visibility; Corrective actions taken and mitigating risks such as Attribution errors with integrations like Plan vs actual ops logs.",Analytics copilot,Read-only,Variance visibility; Corrective actions taken,Attribution errors,Plan vs actual ops logs,C
AGR-CEREAL-027,C,Safety officer,Safety Incident Risk,"This backlog item targets Safety Incident Risk in stage C, solving: Incidents aren’t predicted using near-miss signals. It uses Risk prediction and runs in Propose-only mode, measuring success via Incident rate; Near-miss closure time and mitigating risks such as Privacy; governance required with integrations like Incident logs; telemetry; weather.",Risk prediction,Propose-only,Incident rate; Near-miss closure time,Privacy; governance required,Incident logs; telemetry; weather,#N/A
AGR-CEREAL-028,D,Agronomist,Stress-to-Prescription,"This backlog item targets Stress-to-Prescription in stage D, solving: Remote sensing stress isn’t translated into actionable prescriptions. It uses Vision + Decision support and runs in Propose-only mode, measuring success via Response time; Yield loss avoided and mitigating risks such as False positives with integrations like Satellite; boundaries; scouting notes.",Vision + Decision support,Propose-only,Response time; Yield loss avoided,False positives,Satellite; boundaries; scouting notes,#N/A
AGR-CEREAL-029,D,Scout,Disease Identification,"This backlog item targets Disease Identification in stage D, solving: Disease identification is inconsistent across scouts and regions. It uses Vision and runs in Propose-only mode, measuring success via Diagnosis accuracy; Fungicide ROI and mitigating risks such as Wrong treatment; approvals required with integrations like Mobile photos; disease library; weather.",Vision,Propose-only,Diagnosis accuracy; Fungicide ROI,Wrong treatment; approvals required,Mobile photos; disease library; weather,#N/A
AGR-CEREAL-030,D,Irrigation manager,Irrigation Optimizer,"This backlog item targets Irrigation Optimizer in stage D, solving: Schedules don’t account for forecast uncertainty and tariff changes. It uses Optimization and runs in Execute-with-approval mode, measuring success via Water savings; Stress days reduced and mitigating risks such as Crop failure risk; approvals required with integrations like IoT moisture; forecast; irrigation control.",Optimization,Execute-with-approval,Water savings; Stress days reduced,Crop failure risk; approvals required,IoT moisture; forecast; irrigation control,#N/A
AGR-CEREAL-031,D,Agronomist,Variable Rate Nitrogen,"This backlog item targets Variable Rate Nitrogen in stage D, solving: Variable-rate nitrogen decisions are hard to justify and audit. It uses Optimization + Explainability and runs in Propose-only mode, measuring success via Protein targets hit; N efficiency and mitigating risks such as Environmental compliance with integrations like Soil tests; imagery; application logs.",Optimization + Explainability,Propose-only,Protein targets hit; N efficiency,Environmental compliance,Soil tests; imagery; application logs,D
AGR-CEREAL-032,D,Farm manager,Pest Outbreak Predictor,"This backlog item targets Pest Outbreak Predictor in stage D, solving: Outbreaks are detected late after irreversible damage. It uses Prediction and runs in Propose-only mode, measuring success via Detection lead time; Yield loss avoided and mitigating risks such as Uncertainty UX needed with integrations like Weather; traps; scouting; imagery.",Prediction,Propose-only,Detection lead time; Yield loss avoided,Uncertainty UX needed,Weather; traps; scouting; imagery,#N/A
AGR-CEREAL-033,D,Co-op extension,Localized Recommendations,"This backlog item targets Localized Recommendations in stage D, solving: Recommendations aren’t localized by microclimate and variety traits. It uses RAG-docs + Prediction and runs in Propose-only mode, measuring success via Adoption rate; Performance uplift and mitigating risks such as Advice liability with integrations like Local bulletins; crop models; farm data.",RAG-docs + Prediction,Propose-only,Adoption rate; Performance uplift,Advice liability,Local bulletins; crop models; farm data,D
AGR-CEREAL-034,D,Farm ops,Spray Timing Advisor,"This backlog item targets Spray Timing Advisor in stage D, solving: Spray timing is suboptimal, causing drift and efficacy loss. It uses Prediction + Rules and runs in Propose-only mode, measuring success via Efficacy; Drift incidents; Re-spray rate and mitigating risks such as Safety/regulatory with integrations like Forecast; spray logs; labels/SDS.",Prediction + Rules,Propose-only,Efficacy; Drift incidents; Re-spray rate,Safety/regulatory,Forecast; spray logs; labels/SDS,#N/A
AGR-CEREAL-035,D,Agronomist,Calibrated Yield Forecast,"This backlog item targets Calibrated Yield Forecast in stage D, solving: Yield forecasts aren’t calibrated and ignore field events. It uses Probabilistic forecasting and runs in Read-only mode, measuring success via Forecast error; Usefulness score and mitigating risks such as Overconfidence risk with integrations like Imagery; weather; ops events.",Probabilistic forecasting,Read-only,Forecast error; Usefulness score,Overconfidence risk,Imagery; weather; ops events,#N/A
AGR-CEREAL-036,D,Insurance/claims,Loss Assessment Assist,"This backlog item targets Loss Assessment Assist in stage D, solving: Loss assessment is slow and contentious. It uses Vision + Anomaly and runs in Propose-only mode, measuring success via Claim cycle time; Dispute rate and mitigating risks such as Fairness and transparency with integrations like Imagery; weather; field logs.",Vision + Anomaly,Propose-only,Claim cycle time; Dispute rate,Fairness and transparency,Imagery; weather; field logs,#N/A
AGR-CEREAL-037,D,Sustainability,Soil Health Tracking,"This backlog item targets Soil Health Tracking in stage D, solving: Tracking soil health progress is manual and inconsistent. It uses Analytics + Estimation and runs in Read-only mode, measuring success via Reporting cycle time; Data completeness and mitigating risks such as Estimation accuracy; audit with integrations like Soil tests; rotations; cover crop logs.",Analytics + Estimation,Read-only,Reporting cycle time; Data completeness,Estimation accuracy; audit,Soil tests; rotations; cover crop logs,#N/A
AGR-CEREAL-038,D,Farm manager,Alert Ranking,"This backlog item targets Alert Ranking in stage D, solving: Alerts are noisy and users ignore them. It uses Alert ranking and runs in Read-only mode, measuring success via Alert action rate; False alert rate and mitigating risks such as Missed critical alerts with integrations like All monitoring sources.",Alert ranking,Read-only,Alert action rate; False alert rate,Missed critical alerts,All monitoring sources,D
AGR-CEREAL-039,D,Admin/IT,Data Quality Guardrails,"This backlog item targets Data Quality Guardrails in stage D, solving: Data quality issues corrupt models and decisions. It uses Anomaly + Data validation and runs in Execute-with-approval mode, measuring success via Data error rate; Model stability and mitigating risks such as False flags; workflow needed with integrations like ERP; GIS; sensors; ETL.",Anomaly + Data validation,Execute-with-approval,Data error rate; Model stability,False flags; workflow needed,ERP; GIS; sensors; ETL,D
AGR-CEREAL-040,E,Harvest manager,Harvest Window Predictor,"This backlog item targets Harvest Window Predictor in stage E, solving: Harvest timing ignores moisture tradeoffs and weather loss risk. It uses Prediction and runs in Propose-only mode, measuring success via Losses avoided; Drying cost reduction and mitigating risks such as Weather uncertainty with integrations like Maturity models; forecast; moisture samples.",Prediction,Propose-only,Losses avoided; Drying cost reduction,Weather uncertainty,Maturity models; forecast; moisture samples,#N/A
AGR-CEREAL-041,E,Combine operator,Combine Settings Optimizer,"This backlog item targets Combine Settings Optimizer in stage E, solving: Settings aren’t optimized, increasing grain loss. It uses Optimization and runs in Propose-only mode, measuring success via Loss %; Throughput; Fuel/ton and mitigating risks such as Sensor reliability with integrations like Combine telemetry; yield monitor.",Optimization,Propose-only,Loss %; Throughput; Fuel/ton,Sensor reliability,Combine telemetry; yield monitor,E
AGR-CEREAL-042,E,Dispatcher,Harvest-to-Truck Dispatch,"This backlog item targets Harvest-to-Truck Dispatch in stage E, solving: Coordination causes waiting and spoilage risk. It uses Dispatch optimization and runs in Execute-with-approval mode, measuring success via Idle time; Turnaround time and mitigating risks such as Operational disruption with integrations like GPS; silo queues; harvest schedule.",Dispatch optimization,Execute-with-approval,Idle time; Turnaround time,Operational disruption,GPS; silo queues; harvest schedule,#N/A
AGR-CEREAL-043,E,QA,Mycotoxin Risk Flags,"This backlog item targets Mycotoxin Risk Flags in stage E, solving: Mycotoxin risk isn’t detected early enough to segregate lots. It uses Prediction + Anomaly and runs in Propose-only mode, measuring success via Contamination incidents; Rejected loads and mitigating risks such as Food safety with integrations like Weather history; moisture; lab tests.",Prediction + Anomaly,Propose-only,Contamination incidents; Rejected loads,Food safety,Weather history; moisture; lab tests,E
AGR-CEREAL-044,E,Farm manager,Yield Map Insights,"This backlog item targets Yield Map Insights in stage E, solving: Yield maps aren’t converted into next-season actions. It uses Analytics copilot and runs in Propose-only mode, measuring success via Action adoption; Next-season uplift and mitigating risks such as Incorrect causality with integrations like Yield maps; ops logs; soil.",Analytics copilot,Propose-only,Action adoption; Next-season uplift,Incorrect causality,Yield maps; ops logs; soil,E
AGR-CEREAL-045,E,Maintenance,Harvest Predictive Maintenance,"This backlog item targets Harvest Predictive Maintenance in stage E, solving: Harvest-time breakdowns are catastrophic and predictable but ignored. It uses Predictive maintenance and runs in Propose-only mode, measuring success via Unplanned downtime; Repair cost and mitigating risks such as False positives with integrations like Telemetry; maintenance history.",Predictive maintenance,Propose-only,Unplanned downtime; Repair cost,False positives,Telemetry; maintenance history,#N/A
AGR-CEREAL-046,E,Finance,Harvest Cost Visibility,"This backlog item targets Harvest Cost Visibility in stage E, solving: Harvest cost tracking lags, hiding margin changes. It uses Analytics automation and runs in Read-only mode, measuring success via Cost visibility latency; Margin variance and mitigating risks such as Accounting alignment with integrations like Fuel; labor; repairs; yield.",Analytics automation,Read-only,Cost visibility latency; Margin variance,Accounting alignment,Fuel; labor; repairs; yield,#N/A
AGR-CEREAL-047,E,Co-op,Silo Intake Scheduling,"This backlog item targets Silo Intake Scheduling in stage E, solving: Intake scheduling is chaotic, causing queues and quality degradation. It uses Scheduling optimization and runs in Execute-with-approval mode, measuring success via Queue time; Reject rate and mitigating risks such as Fairness and service-level with integrations like Appointments; scale tickets; capacity.",Scheduling optimization,Execute-with-approval,Queue time; Reject rate,Fairness and service-level,Appointments; scale tickets; capacity,E
AGR-CEREAL-048,F,Silo manager,Aeration Control,"This backlog item targets Aeration Control in stage F, solving: Aeration control is manual and reacts too late to hotspots. It uses Anomaly + Control optimization and runs in Execute-with-approval mode, measuring success via Spoilage %; Energy cost; Hotspot incidents and mitigating risks such as Wrong control damages quality with integrations like Bin sensors; fan controls; weather.",Anomaly + Control optimization,Execute-with-approval,Spoilage %; Energy cost; Hotspot incidents,Wrong control damages quality,Bin sensors; fan controls; weather,F
AGR-CEREAL-049,F,QA,Blend Optimization,"This backlog item targets Blend Optimization in stage F, solving: Lot blending isn’t optimized for contracts and specs. It uses Optimization and runs in Propose-only mode, measuring success via Contract compliance %; Revenue/ton and mitigating risks such as Traceability complexity with integrations like Inventory lots; specs; contracts.",Optimization,Propose-only,Contract compliance %; Revenue/ton,Traceability complexity,Inventory lots; specs; contracts,F
AGR-CEREAL-050,F,Inventory controller,Shrink/Theft Detection,"This backlog item targets Shrink/Theft Detection in stage F, solving: Shrink and theft signals are found after losses occur. It uses Anomaly detection and runs in Read-only mode, measuring success via Shrink %; Detection lead time and mitigating risks such as False accusations with integrations like Scale tickets; CCTV metadata; access logs.",Anomaly detection,Read-only,Shrink %; Detection lead time,False accusations,Scale tickets; CCTV metadata; access logs,F
AGR-CEREAL-051,F,Compliance,Storage Inspection Copilot,"This backlog item targets Storage Inspection Copilot in stage F, solving: Storage inspections and HACCP-style checks are inconsistent. It uses Copilot + Checklist and runs in Propose-only mode, measuring success via Inspection completeness; Findings reduced and mitigating risks such as Audit reliance with integrations like SOPs; inspection logs; sensor trends.",Copilot + Checklist,Propose-only,Inspection completeness; Findings reduced,Audit reliance,SOPs; inspection logs; sensor trends,F
AGR-CEREAL-052,F,Inventory controller,Inventory Reconciliation,"This backlog item targets Inventory Reconciliation in stage F, solving: Reconciliation between physical and ERP is slow and error-prone. It uses Anomaly + Automation and runs in Execute-with-approval mode, measuring success via Reconciliation time; Adjustment rate and mitigating risks such as Financial reporting impacts with integrations like ERP; scale system; sensor estimates.",Anomaly + Automation,Execute-with-approval,Reconciliation time; Adjustment rate,Financial reporting impacts,ERP; scale system; sensor estimates,F
AGR-CEREAL-053,F,QA,Moisture Out-of-Spec Predictor,"This backlog item targets Moisture Out-of-Spec Predictor in stage F, solving: Moisture out-of-spec is detected after mixing lots. It uses Prediction and runs in Propose-only mode, measuring success via Rework reduced; Spec compliance and mitigating risks such as Sensor calibration with integrations like Moisture readings; sampling logs.",Prediction,Propose-only,Rework reduced; Spec compliance,Sensor calibration,Moisture readings; sampling logs,#N/A
AGR-CEREAL-054,F,Supply chain planner,Capacity Constraint Feedback,"This backlog item targets Capacity Constraint Feedback in stage F, solving: Storage capacity constraints aren’t fed upstream to harvest plans. It uses Constraint optimization and runs in Propose-only mode, measuring success via Overflow events; Emergency transport cost and mitigating risks such as Coordination complexity with integrations like Bin capacity; harvest forecasts; logistics.",Constraint optimization,Propose-only,Overflow events; Emergency transport cost,Coordination complexity,Bin capacity; harvest forecasts; logistics,F
AGR-CEREAL-055,F,IT/Sec,IoT Security Monitoring,"This backlog item targets IoT Security Monitoring in stage F, solving: Storage/IoT systems are insecure and prone to tampering. It uses Security anomaly and runs in Read-only mode, measuring success via Incident rate; Time-to-detect and mitigating risks such as Operational sensitivity with integrations like IoT gateway logs; SIEM.",Security anomaly,Read-only,Incident rate; Time-to-detect,Operational sensitivity,IoT gateway logs; SIEM,F
AGR-CEREAL-056,G,Dispatcher,Routing with Constraints,"This backlog item targets Routing with Constraints in stage G, solving: Routing doesn’t consider restrictions, congestion, appointments. It uses Optimization and runs in Execute-with-approval mode, measuring success via On-time %; Cost/ton-km and mitigating risks such as Operational disruption with integrations like TMS; GPS; appointments; traffic.",Optimization,Execute-with-approval,On-time %; Cost/ton-km,Operational disruption,TMS; GPS; appointments; traffic,#N/A
AGR-CEREAL-057,G,Trade compliance,Export Docs Automation,"This backlog item targets Export Docs Automation in stage G, solving: Export docs are slow/error-prone, causing delays and penalties. It uses Document AI and runs in Execute-with-approval mode, measuring success via Doc error rate; Cycle time and mitigating risks such as Legal compliance with integrations like Customs templates; invoices; certificates.",Document AI,Execute-with-approval,Doc error rate; Cycle time,Legal compliance,Customs templates; invoices; certificates,G
AGR-CEREAL-058,G,Finance,Freight Billing Anomalies,"This backlog item targets Freight Billing Anomalies in stage G, solving: Billing disputes aren’t detected early. It uses Anomaly detection and runs in Propose-only mode, measuring success via Dispute rate; Overpayment prevented and mitigating risks such as Vendor relationship with integrations like Invoices; GPS proof; weights.",Anomaly detection,Propose-only,Dispute rate; Overpayment prevented,Vendor relationship,Invoices; GPS proof; weights,G
AGR-CEREAL-059,G,Risk/QA,In-transit Quality Risk,"This backlog item targets In-transit Quality Risk in stage G, solving: In-transit quality degradation isn’t monitored. It uses Anomaly + Prediction and runs in Propose-only mode, measuring success via Rejected loads; Claims reduced and mitigating risks such as Sensor coverage with integrations like IoT in transit; receiving QC.",Anomaly + Prediction,Propose-only,Rejected loads; Claims reduced,Sensor coverage,IoT in transit; receiving QC,G
AGR-CEREAL-060,G,Security,Cargo Theft/Diversion,"This backlog item targets Cargo Theft/Diversion in stage G, solving: Cargo theft and diversion aren’t flagged until delivery fails. It uses Anomaly detection and runs in Read-only mode, measuring success via Theft incidents; Detection lead time and mitigating risks such as False positives with integrations like GPS; geofencing; weight checks.",Anomaly detection,Read-only,Theft incidents; Detection lead time,False positives,GPS; geofencing; weight checks,G
AGR-CEREAL-061,G,ESG,Shipment Carbon Reporting,"This backlog item targets Shipment Carbon Reporting in stage G, solving: Carbon reporting is manual and unverifiable. It uses Estimation + Reporting automation and runs in Read-only mode, measuring success via Reporting cycle time; Auditability and mitigating risks such as Factor correctness with integrations like Route logs; fuel; shipment weights.",Estimation + Reporting automation,Read-only,Reporting cycle time; Auditability,Factor correctness,Route logs; fuel; shipment weights,G
AGR-CEREAL-062,G,Ops,Exception Management Copilot,"This backlog item targets Exception Management Copilot in stage G, solving: Exception management is chaotic across email and calls. It uses Workflow copilot and runs in Propose-only mode, measuring success via Resolution time; Service level and mitigating risks such as Wrong routing with integrations like Email; TMS; Slack/SMS.",Workflow copilot,Propose-only,Resolution time; Service level,Wrong routing,Email; TMS; Slack/SMS,#N/A
AGR-CEREAL-063,H,Plant QA,Incoming Lot Classification,"This backlog item targets Incoming Lot Classification in stage H, solving: Incoming lots aren’t classified fast enough; bad grain enters production. It uses Classification + Anomaly and runs in Execute-with-approval mode, measuring success via Reject accuracy; Contamination incidents and mitigating risks such as Food safety with integrations like Lab tests; NIR sensors; intake logs.",Classification + Anomaly,Execute-with-approval,Reject accuracy; Contamination incidents,Food safety,Lab tests; NIR sensors; intake logs,#N/A
AGR-CEREAL-064,H,Plant ops,Process Parameter Optimization,"This backlog item targets Process Parameter Optimization in stage H, solving: Process parameters tuned manually reduce yield and increase energy. It uses Optimization and runs in Propose-only mode, measuring success via Yield; Energy/ton; Throughput and mitigating risks such as Process stability with integrations like SCADA; batch records.",Optimization,Propose-only,Yield; Energy/ton; Throughput,Process stability,SCADA; batch records,#N/A
AGR-CEREAL-065,H,Maintenance,Packaging Line PdM,"This backlog item targets Packaging Line PdM in stage H, solving: Packaging line failures cause rework and missed shipments. It uses Predictive maintenance and runs in Propose-only mode, measuring success via Downtime; Defect rate and mitigating risks such as False positives with integrations like PLC/SCADA; CMMS.",Predictive maintenance,Propose-only,Downtime; Defect rate,False positives,PLC/SCADA; CMMS,#N/A
AGR-CEREAL-066,H,Compliance,HACCP Evidence Builder,"This backlog item targets HACCP Evidence Builder in stage H, solving: HACCP evidence is scattered and painful to compile for audits. It uses RAG-docs + Evidence automation and runs in Read-only mode, measuring success via Audit prep time; Findings reduced and mitigating risks such as Evidence integrity with integrations like QMS; SOPs; logs.",RAG-docs + Evidence automation,Read-only,Audit prep time; Findings reduced,Evidence integrity,QMS; SOPs; logs,H
AGR-CEREAL-067,H,Production planner,Batch Scheduling with Constraints,"This backlog item targets Batch Scheduling with Constraints in stage H, solving: Batch scheduling ignores quality constraints and changeover losses. It uses Scheduling optimization and runs in Propose-only mode, measuring success via Throughput; Changeover time; OEE and mitigating risks such as Operational constraints with integrations like ERP/MES; inventory; specs.",Scheduling optimization,Propose-only,Throughput; Changeover time; OEE,Operational constraints,ERP/MES; inventory; specs,#N/A
AGR-CEREAL-068,H,Product dev,Formulation Optimizer,"This backlog item targets Formulation Optimizer in stage H, solving: Reformulation to meet cost and quality targets is slow and experimental. It uses Optimization + Simulation and runs in Propose-only mode, measuring success via Time-to-formulate; Quality pass rate and mitigating risks such as Brand/sensory impacts with integrations like Recipe DB; quality outcomes.",Optimization + Simulation,Propose-only,Time-to-formulate; Quality pass rate,Brand/sensory impacts,Recipe DB; quality outcomes,H
AGR-CEREAL-069,H,QA,Label/Allergen Compliance,"This backlog item targets Label/Allergen Compliance in stage H, solving: Allergen and labeling checks miss edge cases during changes. It uses Rules + Document AI and runs in Execute-with-approval mode, measuring success via Label compliance; Recall prevention and mitigating risks such as Regulatory fines with integrations like Label templates; ingredient system.",Rules + Document AI,Execute-with-approval,Label compliance; Recall prevention,Regulatory fines,Label templates; ingredient system,H
AGR-CEREAL-070,H,Finance,Yield Loss RCA Copilot,"This backlog item targets Yield Loss RCA Copilot in stage H, solving: Yield loss root causes are unclear across intake quality and process settings. It uses Analytics copilot and runs in Read-only mode, measuring success via Yield variance explained; Corrective action rate and mitigating risks such as Wrong causality with integrations like Intake QC; process logs; batch yields.",Analytics copilot,Read-only,Yield variance explained; Corrective action rate,Wrong causality,Intake QC; process logs; batch yields,H
AGR-CEREAL-071,H,Risk,Provenance Query during Incidents,"This backlog item targets Provenance Query during Incidents in stage H, solving: Supplier/lot provenance not queryable during incidents. It uses Traceability graph + RAG and runs in Read-only mode, measuring success via Time-to-trace; Containment time and mitigating risks such as Data completeness with integrations like Lot lineage; ERP/MES.",Traceability graph + RAG,Read-only,Time-to-trace; Containment time,Data completeness,Lot lineage; ERP/MES,H
AGR-CEREAL-072,I,Demand planner,Retail Demand Forecast,"This backlog item targets Retail Demand Forecast in stage I, solving: Forecasts are inaccurate during promotions and seasonality. It uses Forecasting and runs in Read-only mode, measuring success via Forecast error; Stockouts %; Waste % and mitigating risks such as Data drift with integrations like POS; promotions; shipments.",Forecasting,Read-only,Forecast error; Stockouts %; Waste %,Data drift,POS; promotions; shipments,I
AGR-CEREAL-073,I,DC manager,Allocation Optimization,"This backlog item targets Allocation Optimization in stage I, solving: Inventory allocation is reactive and causes shortages. It uses Optimization and runs in Propose-only mode, measuring success via Service level; Transport cost and mitigating risks such as Fairness across customers with integrations like WMS; TMS; demand.",Optimization,Propose-only,Service level; Transport cost,Fairness across customers,WMS; TMS; demand,#N/A
AGR-CEREAL-074,I,Retail ops,Expiry Waste Predictor,"This backlog item targets Expiry Waste Predictor in stage I, solving: Spoilage and expiry waste isn’t predicted early enough. It uses Prediction and runs in Propose-only mode, measuring success via Waste %; Markdown effectiveness and mitigating risks such as Pricing sensitivity with integrations like Inventory age; sales velocity.",Prediction,Propose-only,Waste %; Markdown effectiveness,Pricing sensitivity,Inventory age; sales velocity,I
AGR-CEREAL-075,I,Pricing manager,Pricing & Promo Optimizer,"This backlog item targets Pricing & Promo Optimizer in stage I, solving: Pricing doesn’t reflect elasticity and competitor movements. It uses Optimization and runs in Propose-only mode, measuring success via Margin; Volume; Promo ROI and mitigating risks such as Brand impact with integrations like POS; competitor prices; promo calendar.",Optimization,Propose-only,Margin; Volume; Promo ROI,Brand impact,POS; competitor prices; promo calendar,#N/A
AGR-CEREAL-076,I,Customer service,Complaint-to-Lot Linkage,"This backlog item targets Complaint-to-Lot Linkage in stage I, solving: Complaints aren’t linked back to lots/quality signals quickly. It uses NLP + Traceability and runs in Read-only mode, measuring success via Time-to-trace; Repeat complaint rate and mitigating risks such as Privacy with integrations like CRM; lot IDs; QA logs.",NLP + Traceability,Read-only,Time-to-trace; Repeat complaint rate,Privacy,CRM; lot IDs; QA logs,I
AGR-CEREAL-077,I,Distributor,Fill-rate Anomaly Monitor,"This backlog item targets Fill-rate Anomaly Monitor in stage I, solving: Fill-rate problems are hidden until orders are missed. It uses Anomaly detection and runs in Read-only mode, measuring success via Fill-rate; Late orders and mitigating risks such as False alerts with integrations like OMS; WMS.",Anomaly detection,Read-only,Fill-rate; Late orders,False alerts,OMS; WMS,I
AGR-CEREAL-078,I,Retail compliance,Recall Execution Automation,"This backlog item targets Recall Execution Automation in stage I, solving: Recall execution is slow and inconsistent across channels. It uses Workflow automation and runs in Execute-with-approval mode, measuring success via Time-to-remove; % units recovered and mitigating risks such as Public safety with integrations like POS; inventory; alerts; comms.",Workflow automation,Execute-with-approval,Time-to-remove; % units recovered,Public safety,POS; inventory; alerts; comms,I
AGR-CEREAL-079,I,Category manager,Assortment Optimization,"This backlog item targets Assortment Optimization in stage I, solving: Assortment doesn’t reflect local demand and substitution patterns. It uses Analytics + Clustering and runs in Propose-only mode, measuring success via Sales lift; OOS reduction and mitigating risks such as Bias with integrations like POS; demographics; planograms.",Analytics + Clustering,Propose-only,Sales lift; OOS reduction,Bias,POS; demographics; planograms,#N/A
AGR-CEREAL-080,I,Finance,End-to-End Margin Copilot,"This backlog item targets End-to-End Margin Copilot in stage I, solving: End-to-end margin leakage is impossible to pinpoint fast. It uses Analytics copilot and runs in Read-only mode, measuring success via Margin visibility time; Leakage recovered and mitigating risks such as Reconciliation complexity with integrations like ERP; MES; TMS; POS.",Analytics copilot,Read-only,Margin visibility time; Leakage recovered,Reconciliation complexity,ERP; MES; TMS; POS,#N/A
